patch_index,row,col,split,valid_pixels,change_pixels,no_change_pixels,builtup_pixels,veg_loss_pixels,veg_gain_pixels,other_pixels,change_fraction,builtup_fraction,mean_uncertainty_all,mean_uncertainty_change,mean_uncertainty_nochange,centroid_x,centroid_y
0,0,0,train,65536,10754,54782,5414,225,5042,73,0.164093017578125,0.082611083984375,0.03689733147621155,0.09742450714111328,0.02501552365720272,76.76149018565516,28.939226877910382
1,0,256,train,65536,10338,55198,5994,89,4238,17,0.157745361328125,0.091461181640625,0.04392166808247566,0.08806771785020828,0.035653579980134964,76.78448705692863,28.939226877910382
2,0,512,train,65536,9439,56097,3594,40,5725,80,0.1440277099609375,0.054840087890625,0.032473817467689514,0.0783991664648056,0.024746323004364967,76.80748392820209,28.939226877910382
3,0,768,train,65536,9623,55913,4693,33,4856,41,0.1468353271484375,0.0716094970703125,0.03341534733772278,0.08696328848600388,0.024199390783905983,76.83048079947555,28.939226877910382
4,0,1024,train,65536,9186,56350,3769,93,5277,47,0.140167236328125,0.0575103759765625,0.02647997811436653,0.06378433108329773,0.020398741587996483,76.853477670749,28.939226877910382
5,0,1280,train,65536,9410,56126,5998,161,3091,160,0.143585205078125,0.091522216796875,0.028978925198316574,0.07867353409528732,0.0206472035497427,76.87647454202246,28.939226877910382
6,0,1536,train,65536,11600,53936,7497,314,3357,432,0.177001953125,0.1143951416015625,0.03107476979494095,0.08201371878385544,0.02011934481561184,76.89947141329593,28.939226877910382
7,0,1792,train,65536,10701,54835,5847,341,4435,78,0.1632843017578125,0.0892181396484375,0.042763955891132355,0.09747177362442017,0.0320877768099308,76.92246828456939,28.939226877910382
8,0,2048,train,65536,9298,56238,4554,67,4595,82,0.141876220703125,0.069488525390625,0.04543805867433548,0.11973708868026733,0.03315398097038269,76.94546515584284,28.939226877910382
9,0,2304,train,65536,9174,56362,4685,14,4470,5,0.139984130859375,0.0714874267578125,0.04664254188537598,0.11999846994876862,0.03470245376229286,76.9684620271163,28.939226877910382
10,0,2560,train,65536,11081,54455,5153,1,5922,5,0.1690826416015625,0.0786285400390625,0.03829193115234375,0.10280454903841019,0.025164317339658737,76.99145889838977,28.939226877910382
11,0,2816,train,65536,8238,57298,4069,18,4036,115,0.125701904296875,0.0620880126953125,0.02151576802134514,0.05931609496474266,0.016081038862466812,77.01445576966323,28.939226877910382
12,0,3072,train,65536,8341,57195,4136,28,4130,47,0.1272735595703125,0.0631103515625,0.02060624398291111,0.051432475447654724,0.016110721975564957,77.03745264093668,28.939226877910382
13,0,3328,train,65536,8808,56728,5380,919,1831,678,0.1343994140625,0.08209228515625,0.025996681302785873,0.06516491621732712,0.019915135577321053,77.06044951221014,28.939226877910382
14,0,3584,train,65536,7973,57563,4437,611,1898,1027,0.1216583251953125,0.0677032470703125,0.02683369442820549,0.07445833086967468,0.02023724839091301,77.0834463834836,28.939226877910382
15,0,3840,train,65536,8791,56745,5077,303,3099,312,0.1341400146484375,0.0774688720703125,0.025559812784194946,0.07062704861164093,0.018577946349978447,77.10644325475707,28.939226877910382
16,0,4096,train,65536,8636,56900,4202,236,3835,363,0.13177490234375,0.064117431640625,0.020239897072315216,0.05858584865927696,0.014419936574995518,77.12944012603053,28.939226877910382
17,0,4352,train,65536,9392,56144,4781,612,3248,751,0.143310546875,0.0729522705078125,0.020671945065259933,0.05472438782453537,0.014975513331592083,77.15243699730398,28.939226877910382
18,0,4608,train,65536,9720,55816,5706,692,2647,675,0.1483154296875,0.087066650390625,0.026735808700323105,0.06459558755159378,0.020142769441008568,77.17543386857744,28.939226877910382
19,0,4864,train,65536,11603,53933,6674,347,3908,674,0.1770477294921875,0.101837158203125,0.037552908062934875,0.10073704272508621,0.02395964041352272,77.1984307398509,28.939226877910382
20,0,5120,train,65536,9174,56362,5289,1892,1326,667,0.139984130859375,0.0807037353515625,0.03557702526450157,0.10490964353084564,0.024291807785630226,77.22142761112437,28.939226877910382
21,0,5376,train,65367,10444,54923,5387,2277,1233,1547,0.15977480991937829,0.08241161442317989,0.027294592931866646,0.06912589073181152,0.019340071827173233,77.24442448239782,28.939226877910382
22,0,5632,train,45251,5449,39802,1899,2892,33,625,0.12041722834854478,0.04196592340500763,0.0340084433555603,0.10063755512237549,0.024886738508939743,77.26742135367128,28.939226877910382
23,0,5888,train,47996,6362,41634,1991,3871,44,456,0.1325527127260605,0.041482623551962666,0.03499586507678032,0.10256960988044739,0.0246700718998909,77.29041822494474,28.939226877910382
24,0,6144,train,50595,6548,44047,2122,3914,153,359,0.12941990315248542,0.04194090325130942,0.03440102934837341,0.09511968493461609,0.025374634191393852,77.31341509621821,28.939226877910382
25,256,0,train,65536,11275,54261,6140,13,5073,49,0.1720428466796875,0.09368896484375,0.03281001001596451,0.08592966943979263,0.021772168576717377,76.76149018565516,28.916230006636923
26,256,256,train,65536,10927,54609,5447,51,5396,33,0.1667327880859375,0.0831146240234375,0.03367612138390541,0.08382598310709,0.023641370236873627,76.78448705692863,28.916230006636923
27,256,512,train,65536,9499,56037,4654,27,4746,72,0.1449432373046875,0.071014404296875,0.026180196553468704,0.07307227700948715,0.018231380730867386,76.80748392820209,28.916230006636923
28,256,768,train,65536,10322,55214,5273,11,5003,35,0.157501220703125,0.0804595947265625,0.030308810994029045,0.0850660502910614,0.020072204992175102,76.83048079947555,28.916230006636923
29,256,1024,train,65536,8996,56540,3558,26,5300,112,0.13726806640625,0.054290771484375,0.02852417714893818,0.08099611103534698,0.02017544023692608,76.853477670749,28.916230006636923
30,256,1280,train,65536,9094,56442,4826,255,3922,91,0.138763427734375,0.073638916015625,0.03825478255748749,0.0942164734005928,0.02923816628754139,76.87647454202246,28.916230006636923
31,256,1536,train,65536,9285,56251,5055,91,4055,84,0.1416778564453125,0.0771331787109375,0.03094657137989998,0.07953029125928879,0.022927159443497658,76.89947141329593,28.916230006636923
32,256,1792,train,65536,10047,55489,4288,201,5477,81,0.1533050537109375,0.0654296875,0.03234817460179329,0.07850331813097,0.023991188034415245,76.92246828456939,28.916230006636923
33,256,2048,train,65536,10195,55341,5148,6,5016,25,0.1555633544921875,0.07855224609375,0.03657149523496628,0.11076764017343521,0.022902972996234894,76.94546515584284,28.916230006636923
34,256,2304,train,65536,10656,54880,5749,32,4837,38,0.16259765625,0.0877227783203125,0.042020753026008606,0.10903631895780563,0.029008403420448303,76.9684620271163,28.916230006636923
35,256,2560,train,65536,10382,55154,5279,9,5089,5,0.158416748046875,0.0805511474609375,0.03320721909403801,0.08220009505748749,0.023984968662261963,76.99145889838977,28.916230006636923
36,256,2816,train,65536,9324,56212,4520,9,4776,19,0.14227294921875,0.0689697265625,0.027153514325618744,0.07028281688690186,0.019999569281935692,77.01445576966323,28.916230006636923
37,256,3072,train,65536,9634,55902,4850,10,4655,119,0.147003173828125,0.074005126953125,0.025175053626298904,0.07094483822584152,0.01728721149265766,77.03745264093668,28.916230006636923
38,256,3328,train,65536,8431,57105,4859,193,3086,293,0.1286468505859375,0.0741424560546875,0.023685956373810768,0.06423816084861755,0.01769881509244442,77.06044951221014,28.916230006636923
39,256,3584,train,65536,8463,57073,4162,36,4155,110,0.1291351318359375,0.063507080078125,0.020367393270134926,0.04941928759217262,0.01605946756899357,77.0834463834836,28.916230006636923
40,256,3840,train,65536,9826,55710,4374,101,5293,58,0.149932861328125,0.066741943359375,0.02832205966114998,0.07410036027431488,0.020247790962457657,77.10644325475707,28.916230006636923
41,256,4096,train,65536,7505,58031,4110,476,2363,556,0.1145172119140625,0.062713623046875,0.02133742906153202,0.05962733179330826,0.01638549380004406,77.12944012603053,28.916230006636923
42,256,4352,train,65536,8370,57166,5090,766,1753,761,0.127716064453125,0.077667236328125,0.020515363663434982,0.06499283015727997,0.014003164134919643,77.15243699730398,28.916230006636923
43,256,4608,train,65536,10336,55200,5712,297,3705,622,0.15771484375,0.087158203125,0.024347929283976555,0.06698212027549744,0.01636483147740364,77.17543386857744,28.916230006636923
44,256,4864,train,65536,11454,54082,6477,26,4651,300,0.174774169921875,0.0988311767578125,0.03287573531270027,0.07302263379096985,0.024373045191168785,77.1984307398509,28.916230006636923
45,256,5120,train,65536,11863,53673,7291,581,3745,246,0.1810150146484375,0.1112518310546875,0.050590306520462036,0.1157652959227562,0.036185093224048615,77.22142761112437,28.916230006636923
46,256,5376,train,65536,11485,54051,6456,561,4173,295,0.1752471923828125,0.0985107421875,0.027410507202148438,0.06789925694465637,0.018807275220751762,77.24442448239782,28.916230006636923
47,256,5632,train,58118,8141,49977,3216,759,3677,489,0.1400770845521181,0.05533569634192505,0.030590016394853592,0.08053655922412872,0.022453973069787025,77.26742135367128,28.916230006636923
48,256,5888,train,52868,6293,46575,2270,809,2583,631,0.11903230687750624,0.04293712642808504,0.03115566447377205,0.09074455499649048,0.023104285821318626,77.29041822494474,28.916230006636923
49,256,6144,train,61334,8075,53259,3677,2177,1721,500,0.13165617765024293,0.0599504353213552,0.030502306297421455,0.08929892629384995,0.021587705239653587,77.31341509621821,28.916230006636923
50,512,0,train,65536,9955,55581,4457,64,5418,16,0.1519012451171875,0.0680084228515625,0.032827891409397125,0.09258755296468735,0.022124459967017174,76.76149018565516,28.893233135363463
51,512,256,train,65536,9047,56489,3886,17,5138,6,0.1380462646484375,0.059295654296875,0.01983030140399933,0.05499792471528053,0.01419802661985159,76.78448705692863,28.893233135363463
52,512,512,train,65536,8890,56646,5021,30,3761,78,0.135650634765625,0.0766143798828125,0.024644799530506134,0.07028044015169144,0.017482759431004524,76.80748392820209,28.893233135363463
53,512,768,train,65536,9532,56004,4940,71,4376,145,0.14544677734375,0.07537841796875,0.020217539742588997,0.05698038265109062,0.01396042387932539,76.83048079947555,28.893233135363463
54,512,1024,train,65536,8854,56682,5272,292,2879,411,0.135101318359375,0.0804443359375,0.02729407511651516,0.0695616751909256,0.02069167234003544,76.853477670749,28.893233135363463
55,512,1280,train,65536,10701,54835,4754,122,5805,20,0.1632843017578125,0.072540283203125,0.031929515302181244,0.09208168834447861,0.020190874114632607,76.87647454202246,28.893233135363463
56,512,1536,train,65536,10373,55163,5498,60,4656,159,0.1582794189453125,0.083892822265625,0.022847376763820648,0.06505561619997025,0.014910425059497356,76.89947141329593,28.893233135363463
57,512,1792,train,65536,9053,56483,4519,23,4426,85,0.1381378173828125,0.0689544677734375,0.02561076357960701,0.06872601807117462,0.01870032586157322,76.92246828456939,28.893233135363463
58,512,2048,train,65536,7360,58176,3385,48,3810,117,0.1123046875,0.0516510009765625,0.0248865969479084,0.06380655616521835,0.019962729886174202,76.94546515584284,28.893233135363463
59,512,2304,train,65536,8375,57161,3572,41,4661,101,0.1277923583984375,0.05450439453125,0.02155241370201111,0.058499258011579514,0.016139110550284386,76.9684620271163,28.893233135363463
60,512,2560,train,65536,9640,55896,4718,35,4801,86,0.1470947265625,0.071990966796875,0.02500763349235058,0.06720197200775146,0.01773066632449627,76.99145889838977,28.893233135363463
61,512,2816,train,65536,10226,55310,5113,88,5021,4,0.156036376953125,0.0780181884765625,0.03144045174121857,0.08032483607530594,0.022402448579669,77.01445576966323,28.893233135363463
62,512,3072,train,65536,10367,55169,4889,48,5403,27,0.1581878662109375,0.0746002197265625,0.03507952019572258,0.09569600224494934,0.023688865825533867,77.03745264093668,28.893233135363463
63,512,3328,train,65536,8754,56782,4612,103,3931,108,0.133575439453125,0.07037353515625,0.02662581577897072,0.07145217061042786,0.019714998081326485,77.06044951221014,28.893233135363463
64,512,3584,train,65536,8524,57012,5035,369,2867,253,0.13006591796875,0.0768280029296875,0.022571304813027382,0.0597703754901886,0.017009584233164787,77.0834463834836,28.893233135363463
65,512,3840,train,65536,8311,57225,4716,481,2545,569,0.1268157958984375,0.07196044921875,0.023560097441077232,0.05881711095571518,0.01843959279358387,77.10644325475707,28.893233135363463
66,512,4096,train,65536,7985,57551,4600,628,1883,874,0.1218414306640625,0.0701904296875,0.028429169207811356,0.07221534103155136,0.022353988140821457,77.12944012603053,28.893233135363463
67,512,4352,train,65536,9189,56347,4720,59,4265,145,0.1402130126953125,0.072021484375,0.021061988547444344,0.057486727833747864,0.015121886506676674,77.15243699730398,28.893233135363463
68,512,4608,train,65536,9827,55709,5149,67,4402,209,0.1499481201171875,0.0785675048828125,0.022704847157001495,0.05812162160873413,0.016457371413707733,77.17543386857744,28.893233135363463
69,512,4864,train,65536,10988,54548,6764,271,3334,619,0.16766357421875,0.10321044921875,0.027140017598867416,0.06499283015727997,0.019515052437782288,77.1984307398509,28.893233135363463
70,512,5120,train,65536,11845,53691,7015,290,4515,25,0.1807403564453125,0.1070404052734375,0.034627169370651245,0.080782450735569,0.024444658309221268,77.22142761112437,28.893233135363463
71,512,5376,train,65536,10108,55428,5464,103,4451,90,0.15423583984375,0.0833740234375,0.027406800538301468,0.07394162565469742,0.01892058551311493,77.24442448239782,28.893233135363463
72,512,5632,train,65536,10279,55257,4675,30,5512,62,0.1568450927734375,0.0713348388671875,0.02965456247329712,0.07868646830320358,0.02053355984389782,77.26742135367128,28.893233135363463
73,512,5888,train,65536,10485,55051,4922,74,5390,99,0.1599884033203125,0.075103759765625,0.025017771869897842,0.06404846906661987,0.017583994194865227,77.29041822494474,28.893233135363463
74,512,6144,train,65536,10250,55286,5131,6,5071,42,0.156402587890625,0.0782928466796875,0.028962552547454834,0.08237107843160629,0.019060637801885605,77.31341509621821,28.893233135363463
75,768,0,train,65536,11087,54449,5477,183,5377,50,0.1691741943359375,0.0835723876953125,0.043035175651311874,0.0938824713230133,0.03268156200647354,76.76149018565516,28.870236264090003
76,768,256,train,65536,9519,56017,4775,13,4656,75,0.1452484130859375,0.0728607177734375,0.02517387457191944,0.06948379427194595,0.01764426752924919,76.78448705692863,28.870236264090003
77,768,512,train,65536,9987,55549,6176,166,3466,179,0.1523895263671875,0.09423828125,0.027020635083317757,0.07696236670017242,0.01804174855351448,76.80748392820209,28.870236264090003
78,768,768,train,65536,11071,54465,6593,236,4007,235,0.1689300537109375,0.1006011962890625,0.029106616973876953,0.06703070551156998,0.021397855132818222,76.83048079947555,28.870236264090003
79,768,1024,train,65536,10805,54731,6020,214,4338,233,0.1648712158203125,0.09185791015625,0.025721143931150436,0.06411850452423096,0.018140733242034912,76.853477670749,28.870236264090003
80,768,1280,train,65536,8129,57407,4080,99,3637,313,0.1240386962890625,0.062255859375,0.021311022341251373,0.06656389683485031,0.014903081580996513,76.87647454202246,28.870236264090003
81,768,1536,train,65536,9637,55899,5616,127,3762,132,0.1470489501953125,0.085693359375,0.034571267664432526,0.11457238346338272,0.020779060199856758,76.89947141329593,28.870236264090003
82,768,1792,train,65536,9198,56338,5548,183,3247,220,0.140350341796875,0.08465576171875,0.024968363344669342,0.0634944811463356,0.018678413704037666,76.92246828456939,28.870236264090003
83,768,2048,train,65536,10959,54577,6537,41,4308,73,0.1672210693359375,0.0997467041015625,0.030625969171524048,0.08317463845014572,0.020074255764484406,76.94546515584284,28.870236264090003
84,768,2304,train,65536,9975,55561,5302,7,4568,98,0.1522064208984375,0.080902099609375,0.021327011287212372,0.06158909946680069,0.014098664745688438,76.9684620271163,28.870236264090003
85,768,2560,train,65536,11447,54089,5244,12,6173,18,0.1746673583984375,0.08001708984375,0.029504165053367615,0.07850256562232971,0.01913449913263321,76.99145889838977,28.870236264090003
86,768,2816,train,65536,9696,55840,4515,122,5024,35,0.14794921875,0.0688934326171875,0.029254231601953506,0.07367266714572906,0.02154146134853363,77.01445576966323,28.870236264090003
87,768,3072,train,65536,9827,55709,4884,109,4794,40,0.1499481201171875,0.07452392578125,0.0365871861577034,0.09158496558666229,0.02688564360141754,77.03745264093668,28.870236264090003
88,768,3328,train,65536,9900,55636,4864,8,5020,8,0.15106201171875,0.07421875,0.025728264823555946,0.06716881692409515,0.01835423707962036,77.06044951221014,28.870236264090003
89,768,3584,train,65536,8623,56913,5158,167,2938,360,0.1315765380859375,0.078704833984375,0.026125729084014893,0.0697551965713501,0.019515343010425568,77.0834463834836,28.870236264090003
90,768,3840,train,65536,7526,58010,4332,242,2525,427,0.114837646484375,0.06610107421875,0.02187228389084339,0.06617923825979233,0.016124065965414047,77.10644325475707,28.870236264090003
91,768,4096,train,65536,8657,56879,4383,1183,1284,1807,0.1320953369140625,0.0668792724609375,0.0391794815659523,0.114928238093853,0.027650494128465652,77.12944012603053,28.870236264090003
92,768,4352,train,65536,8896,56640,4423,112,4272,89,0.1357421875,0.0674896240234375,0.0269758403301239,0.06055197864770889,0.021702298894524574,77.15243699730398,28.870236264090003
93,768,4608,train,65536,9697,55839,5349,128,3948,272,0.1479644775390625,0.0816192626953125,0.02167784608900547,0.06619907170534134,0.0139462910592556,77.17543386857744,28.870236264090003
94,768,4864,train,65536,10019,55517,6214,55,3488,262,0.1528778076171875,0.094818115234375,0.019073428586125374,0.0642075315117836,0.010928202420473099,77.1984307398509,28.870236264090003
95,768,5120,train,65536,10681,54855,6105,275,4138,163,0.1629791259765625,0.0931549072265625,0.026574909687042236,0.061356451362371445,0.019802480936050415,77.22142761112437,28.870236264090003
96,768,5376,train,65536,9768,55768,4709,76,4911,72,0.1490478515625,0.0718536376953125,0.027148578315973282,0.06050306186079979,0.021306397393345833,77.24442448239782,28.870236264090003
97,768,5632,train,65536,9957,55579,4947,35,4855,120,0.1519317626953125,0.0754852294921875,0.028215674683451653,0.0701981857419014,0.020694492384791374,77.26742135367128,28.870236264090003
98,768,5888,train,65536,8504,57032,4067,34,4295,108,0.1297607421875,0.0620574951171875,0.0228939987719059,0.06539978832006454,0.016555989161133766,77.29041822494474,28.870236264090003
99,768,6144,train,65536,10280,55256,5108,2,5089,81,0.1568603515625,0.07794189453125,0.02957051806151867,0.07583782076835632,0.020962806418538094,77.31341509621821,28.870236264090003
100,1024,0,train,65536,10152,55384,5050,160,4917,25,0.1549072265625,0.077056884765625,0.027742069214582443,0.07364694774150848,0.019327616319060326,76.76149018565516,28.847239392816544
101,1024,256,train,65536,9530,56006,5526,62,3922,20,0.145416259765625,0.084320068359375,0.04704106226563454,0.12283343821763992,0.03414421156048775,76.78448705692863,28.847239392816544
102,1024,512,train,65536,9104,56432,4451,47,4538,68,0.138916015625,0.0679168701171875,0.02778761088848114,0.08383690565824509,0.018745355308055878,76.80748392820209,28.847239392816544
103,1024,768,train,65536,10877,54659,5653,9,5189,26,0.1659698486328125,0.0862579345703125,0.021673452109098434,0.057037826627492905,0.014636034145951271,76.83048079947555,28.847239392816544
104,1024,1024,train,65536,8847,56689,4962,252,3475,158,0.1349945068359375,0.075714111328125,0.024924807250499725,0.07295940816402435,0.017428429797291756,76.853477670749,28.847239392816544
105,1024,1280,train,65536,8787,56749,4518,297,3938,34,0.1340789794921875,0.068939208984375,0.03364119306206703,0.09419450908899307,0.024265138432383537,76.87647454202246,28.847239392816544
106,1024,1536,train,65536,9691,55845,5352,149,4017,173,0.1478729248046875,0.0816650390625,0.02915962040424347,0.07626587897539139,0.020985092967748642,76.89947141329593,28.847239392816544
107,1024,1792,train,65536,9754,55782,5818,140,3686,110,0.148834228515625,0.088775634765625,0.031833451241254807,0.08406178653240204,0.02270083874464035,76.92246828456939,28.847239392816544
108,1024,2048,train,65536,10432,55104,6521,1031,2036,844,0.1591796875,0.0995025634765625,0.03560452535748482,0.08211270719766617,0.026799842715263367,76.94546515584284,28.847239392816544
109,1024,2304,train,65536,8822,56714,5056,393,2890,483,0.134613037109375,0.0771484375,0.022588305175304413,0.059632495045661926,0.016825992614030838,76.9684620271163,28.847239392816544
110,1024,2560,train,65536,8589,56947,4381,40,4032,136,0.1310577392578125,0.0668487548828125,0.020168935880064964,0.05823454633355141,0.014427709393203259,76.99145889838977,28.847239392816544
111,1024,2816,train,65536,9197,56339,4827,49,4264,57,0.1403350830078125,0.0736541748046875,0.033022549003362656,0.06714318692684174,0.027452562004327774,77.01445576966323,28.847239392816544
112,1024,3072,train,65536,8646,56890,3678,40,4870,58,0.131927490234375,0.056121826171875,0.02843853272497654,0.0799657329916954,0.020607559010386467,77.03745264093668,28.847239392816544
113,1024,3328,train,65536,8934,56602,5284,20,3571,59,0.136322021484375,0.08062744140625,0.01863209158182144,0.05539625138044357,0.01282927580177784,77.06044951221014,28.847239392816544
114,1024,3584,train,65536,6429,59107,2999,541,1580,1309,0.0980987548828125,0.0457611083984375,0.030667759478092194,0.09932497888803482,0.02319999411702156,77.0834463834836,28.847239392816544
115,1024,3840,train,65536,7554,57982,4084,229,2585,656,0.115264892578125,0.06231689453125,0.04209829866886139,0.1096225455403328,0.03330111876130104,77.10644325475707,28.847239392816544
116,1024,4096,train,65536,7946,57590,3946,288,3263,449,0.121246337890625,0.060211181640625,0.03162015601992607,0.0947054922580719,0.02291593700647354,77.12944012603053,28.847239392816544
117,1024,4352,train,65536,9241,56295,5322,40,3732,147,0.1410064697265625,0.081207275390625,0.017400454729795456,0.052094507962465286,0.011705317534506321,77.15243699730398,28.847239392816544
118,1024,4608,train,65536,9645,55891,5739,52,3745,109,0.1471710205078125,0.0875701904296875,0.020123323425650597,0.06054656580090523,0.013147566467523575,77.17543386857744,28.847239392816544
119,1024,4864,train,65536,12132,53404,6847,8,5192,85,0.18511962890625,0.1044769287109375,0.02861364558339119,0.06642977148294449,0.0200228039175272,77.1984307398509,28.847239392816544
120,1024,5120,train,65536,11110,54426,6715,13,4335,47,0.169525146484375,0.1024627685546875,0.03402230516076088,0.08010151982307434,0.024616140872240067,77.22142761112437,28.847239392816544
121,1024,5376,train,65536,10897,54639,5556,31,5141,169,0.1662750244140625,0.08477783203125,0.02573755756020546,0.06988631188869476,0.016932696104049683,77.24442448239782,28.847239392816544
122,1024,5632,train,65536,10670,54866,5938,130,4336,266,0.162811279296875,0.090606689453125,0.027854543179273605,0.06797386705875397,0.020052388310432434,77.26742135367128,28.847239392816544
123,1024,5888,train,65536,10567,54969,5085,14,5378,90,0.1612396240234375,0.0775909423828125,0.024863271042704582,0.06317266821861267,0.017498841509222984,77.29041822494474,28.847239392816544
124,1024,6144,train,65536,9844,55692,4943,34,4658,209,0.15020751953125,0.0754241943359375,0.02481915056705475,0.06352740526199341,0.017977161332964897,77.31341509621821,28.847239392816544
125,1280,0,train,65536,9561,55975,4031,85,5371,74,0.1458892822265625,0.0615081787109375,0.02707608789205551,0.0722951665520668,0.01935228705406189,76.76149018565516,28.824242521543084
126,1280,256,train,65536,8911,56625,4193,21,4507,190,0.1359710693359375,0.0639801025390625,0.027019619941711426,0.0801030695438385,0.018665950745344162,76.78448705692863,28.824242521543084
127,1280,512,train,65536,10227,55309,5146,44,4973,64,0.1560516357421875,0.078521728515625,0.025442801415920258,0.06119706854224205,0.01883159764111042,76.80748392820209,28.824242521543084
128,1280,768,train,65536,9179,56357,5447,185,3357,190,0.1400604248046875,0.0831146240234375,0.028846951201558113,0.07997262477874756,0.02051999233663082,76.83048079947555,28.824242521543084
129,1280,1024,train,65536,10274,55262,5902,72,4226,74,0.156768798828125,0.090057373046875,0.029040884226560593,0.07569528371095657,0.02036716416478157,76.853477670749,28.824242521543084
130,1280,1280,train,65536,11331,54205,5993,3,5334,1,0.1728973388671875,0.0914459228515625,0.038751158863306046,0.0868690088391304,0.028692614287137985,76.87647454202246,28.824242521543084
131,1280,1536,train,65536,10212,55324,5475,36,4689,12,0.15582275390625,0.0835418701171875,0.032827481627464294,0.09197346121072769,0.02191000245511532,76.89947141329593,28.824242521543084
132,1280,1792,train,65536,10256,55280,5622,1365,2697,572,0.156494140625,0.085784912109375,0.048216793686151505,0.14401055872440338,0.030444353818893433,76.92246828456939,28.824242521543084
133,1280,2048,train,65536,11180,54356,6994,1089,2179,918,0.17059326171875,0.106719970703125,0.042479097843170166,0.09148543328046799,0.03239941969513893,76.94546515584284,28.824242521543084
134,1280,2304,train,65536,8670,56866,5037,325,2935,373,0.132293701171875,0.0768585205078125,0.022559063509106636,0.06015966460108757,0.016826339066028595,76.9684620271163,28.824242521543084
135,1280,2560,train,65536,8741,56795,4565,71,3948,157,0.1333770751953125,0.0696563720703125,0.02348344400525093,0.06784173846244812,0.016656506806612015,76.99145889838977,28.824242521543084
136,1280,2816,train,65536,8865,56671,3810,25,4997,33,0.1352691650390625,0.058135986328125,0.021524900570511818,0.059677235782146454,0.01555676106363535,77.01445576966323,28.824242521543084
137,1280,3072,train,65536,7604,57932,3556,16,3983,49,0.11602783203125,0.05426025390625,0.018842177465558052,0.04923679679632187,0.014852658845484257,77.03745264093668,28.824242521543084
138,1280,3328,train,65536,7893,57643,4787,221,2635,250,0.1204376220703125,0.0730438232421875,0.03859517350792885,0.06713564693927765,0.03468715399503708,77.06044951221014,28.824242521543084
139,1280,3584,train,65536,8695,56841,4651,719,2582,743,0.1326751708984375,0.0709686279296875,0.03910769522190094,0.11406435072422028,0.027641529217362404,77.0834463834836,28.824242521543084
140,1280,3840,train,65536,7616,57920,3627,512,2020,1457,0.1162109375,0.0553436279296875,0.03188421204686165,0.08107677102088928,0.025415800511837006,77.10644325475707,28.824242521543084
141,1280,4096,train,65536,7587,57949,3774,492,2908,413,0.1157684326171875,0.057586669921875,0.02982073836028576,0.06810163706541061,0.024808794260025024,77.12944012603053,28.824242521543084
142,1280,4352,train,65536,8901,56635,5616,176,2743,366,0.1358184814453125,0.085693359375,0.026163626462221146,0.07096365839242935,0.019122660160064697,77.15243699730398,28.824242521543084
143,1280,4608,train,65536,9561,55975,4981,44,4470,66,0.1458892822265625,0.0760040283203125,0.02323514223098755,0.06491318345069885,0.016116183251142502,77.17543386857744,28.824242521543084
144,1280,4864,train,65536,11565,53971,5600,3,5919,43,0.1764678955078125,0.08544921875,0.024555642157793045,0.06214282289147377,0.016501396894454956,77.1984307398509,28.824242521543084
145,1280,5120,train,65536,10847,54689,6787,188,3812,60,0.1655120849609375,0.1035614013671875,0.041707102209329605,0.11861294507980347,0.026453617960214615,77.22142761112437,28.824242521543084
146,1280,5376,train,65536,9793,55743,5367,46,4323,57,0.1494293212890625,0.0818939208984375,0.020568283274769783,0.05884718894958496,0.013843396678566933,77.24442448239782,28.824242521543084
147,1280,5632,train,65536,8646,56890,4411,56,4130,49,0.131927490234375,0.0673065185546875,0.02053842321038246,0.05223188176751137,0.015721729025244713,77.26742135367128,28.824242521543084
148,1280,5888,train,65536,9457,56079,4677,104,4648,28,0.1443023681640625,0.0713653564453125,0.022980231791734695,0.06711370497941971,0.015537689439952374,77.29041822494474,28.824242521543084
149,1280,6144,train,65536,10532,55004,5358,21,5118,35,0.16070556640625,0.081756591796875,0.032541319727897644,0.0904947817325592,0.021444564685225487,77.31341509621821,28.824242521543084
150,1536,0,train,65536,9816,55720,4428,1392,3831,165,0.1497802734375,0.06756591796875,0.041373588144779205,0.10974226891994476,0.029329316690564156,76.76149018565516,28.801245650269625
151,1536,256,train,65536,7571,57965,3526,92,3650,303,0.1155242919921875,0.053802490234375,0.02004537172615528,0.06270045042037964,0.0144740529358387,76.78448705692863,28.801245650269625
152,1536,512,train,65536,8182,57354,4022,84,3972,104,0.124847412109375,0.061370849609375,0.030453285202383995,0.08777129650115967,0.02227642387151718,76.80748392820209,28.801245650269625
153,1536,768,train,65536,10374,55162,5530,13,4827,4,0.158294677734375,0.084381103515625,0.0361596941947937,0.11137025058269501,0.022015277296304703,76.83048079947555,28.801245650269625
154,1536,1024,train,65536,10519,55017,5215,206,5068,30,0.1605072021484375,0.0795745849609375,0.033499106764793396,0.08589320629835129,0.023481594398617744,76.853477670749,28.801245650269625
155,1536,1280,train,65536,9448,56088,5666,160,3514,108,0.1441650390625,0.086456298828125,0.02897372655570507,0.08836193382740021,0.018969805911183357,76.87647454202246,28.801245650269625
156,1536,1536,train,65536,8778,56758,4583,206,3880,109,0.133941650390625,0.0699310302734375,0.022770559415221214,0.06414306908845901,0.01637202687561512,76.89947141329593,28.801245650269625
157,1536,1792,train,65536,9687,55849,5321,259,3990,117,0.1478118896484375,0.0811920166015625,0.03641119226813316,0.09410476684570312,0.026404250413179398,76.92246828456939,28.801245650269625
158,1536,2048,train,65536,9121,56415,5067,80,3844,130,0.1391754150390625,0.0773162841796875,0.036136675626039505,0.053601596504449844,0.033313002437353134,76.94546515584284,28.801245650269625
159,1536,2304,train,65536,8918,56618,4768,59,3938,153,0.136077880859375,0.07275390625,0.020548168569803238,0.061688728630542755,0.014068047516047955,76.9684620271163,28.801245650269625
160,1536,2560,train,65536,10303,55233,4668,6,5611,18,0.1572113037109375,0.07122802734375,0.0270402655005455,0.06530322134494781,0.019902804866433144,76.99145889838977,28.801245650269625
161,1536,2816,train,65536,9036,56500,3983,20,5029,4,0.13787841796875,0.0607757568359375,0.02884647622704506,0.08064372092485428,0.020562583580613136,77.01445576966323,28.801245650269625
162,1536,3072,train,65536,6361,59175,3069,188,2344,760,0.0970611572265625,0.0468292236328125,0.026703989133238792,0.0833853930234909,0.02061103656888008,77.03745264093668,28.801245650269625
163,1536,3328,train,65536,8602,56934,4360,452,2282,1508,0.131256103515625,0.0665283203125,0.033753663301467896,0.08275547623634338,0.0263501163572073,77.06044951221014,28.801245650269625
164,1536,3584,train,65536,9180,56356,5464,230,2635,851,0.14007568359375,0.0833740234375,0.03188642859458923,0.09512537717819214,0.021585244685411453,77.0834463834836,28.801245650269625
165,1536,3840,train,65536,8914,56622,5029,106,3598,181,0.136016845703125,0.0767364501953125,0.030007820576429367,0.07431836426258087,0.023032015189528465,77.10644325475707,28.801245650269625
166,1536,4096,train,65536,7777,57759,4144,492,2509,632,0.1186676025390625,0.063232421875,0.02850406989455223,0.08366990089416504,0.021076230332255363,77.12944012603053,28.801245650269625
167,1536,4352,train,65536,8750,56786,5206,320,2700,524,0.133514404296875,0.079437255859375,0.030503040179610252,0.08721841871738434,0.02176392450928688,77.15243699730398,28.801245650269625
168,1536,4608,train,65536,9932,55604,5868,72,3859,133,0.15155029296875,0.08953857421875,0.024680623784661293,0.06916454434394836,0.0167348925024271,77.17543386857744,28.801245650269625
169,1536,4864,train,65536,11478,54058,7422,147,3866,43,0.175140380859375,0.113250732421875,0.038742534816265106,0.09525281190872192,0.026743846014142036,77.1984307398509,28.801245650269625
170,1536,5120,train,65536,9277,56259,5266,11,3976,24,0.1415557861328125,0.080352783203125,0.022144073620438576,0.060542210936546326,0.01581229828298092,77.22142761112437,28.801245650269625
171,1536,5376,train,65536,8404,57132,4746,23,3574,61,0.12823486328125,0.072418212890625,0.017765235155820847,0.05274656042456627,0.012619555927813053,77.24442448239782,28.801245650269625
172,1536,5632,train,65536,10271,55265,3297,45,6814,115,0.1567230224609375,0.0503082275390625,0.03521211817860603,0.079619400203228,0.026959024369716644,77.26742135367128,28.801245650269625
173,1536,5888,train,65536,8930,56606,4532,53,4279,66,0.136260986328125,0.06915283203125,0.02644754946231842,0.06704773008823395,0.020042579621076584,77.29041822494474,28.801245650269625
174,1536,6144,train,65536,8444,57092,4289,9,4130,16,0.12884521484375,0.0654449462890625,0.02429131045937538,0.0719827339053154,0.017237672582268715,77.31341509621821,28.801245650269625
175,1792,0,train,65536,9803,55733,5010,882,3322,589,0.1495819091796875,0.076446533203125,0.04280174896121025,0.11507244408130646,0.03008989803493023,76.76149018565516,28.778248778996165
176,1792,256,train,65536,10194,55342,5945,780,3150,319,0.155548095703125,0.0907135009765625,0.03332555666565895,0.08198001980781555,0.024363402277231216,76.78448705692863,28.778248778996165
177,1792,512,train,65536,9767,55769,5030,271,4412,54,0.1490325927734375,0.076751708984375,0.03367514908313751,0.08637862652540207,0.024445023387670517,76.80748392820209,28.778248778996165
178,1792,768,train,65536,9903,55633,4963,54,4835,51,0.1511077880859375,0.0757293701171875,0.035462409257888794,0.08857043087482452,0.02600886858999729,76.83048079947555,28.778248778996165
179,1792,1024,train,65536,8600,56936,3824,334,4357,85,0.1312255859375,0.058349609375,0.03388889878988266,0.09329168498516083,0.024916300550103188,76.853477670749,28.778248778996165
180,1792,1280,train,65536,9937,55599,4809,44,5067,17,0.1516265869140625,0.0733795166015625,0.031483523547649384,0.07911401987075806,0.022970696911215782,76.87647454202246,28.778248778996165
181,1792,1536,train,65536,9783,55753,5653,227,3796,107,0.1492767333984375,0.0862579345703125,0.03915134072303772,0.10896802693605423,0.026900580152869225,76.89947141329593,28.778248778996165
182,1792,1792,train,65536,9107,56429,4866,71,4161,9,0.1389617919921875,0.074249267578125,0.02406991273164749,0.065453439950943,0.017391085624694824,76.92246828456939,28.778248778996165
183,1792,2048,train,65536,10127,55409,5355,186,4479,107,0.1545257568359375,0.0817108154296875,0.027635276317596436,0.070443294942379,0.01981133408844471,76.94546515584284,28.778248778996165
184,1792,2304,train,65536,10505,55031,5134,9,5330,32,0.1602935791015625,0.078338623046875,0.02599443681538105,0.06725288927555084,0.018118510022759438,76.9684620271163,28.778248778996165
185,1792,2560,train,65536,8853,56683,3875,12,4847,119,0.1350860595703125,0.0591278076171875,0.023200735449790955,0.06576956808567047,0.01655215211212635,76.99145889838977,28.778248778996165
186,1792,2816,train,65536,11070,54466,6263,6,4797,4,0.168914794921875,0.0955657958984375,0.037420254200696945,0.08891105651855469,0.026954948902130127,77.01445576966323,28.778248778996165
187,1792,3072,train,65536,8603,56933,4760,60,3531,252,0.1312713623046875,0.0726318359375,0.02299240417778492,0.06883509457111359,0.016065232455730438,77.03745264093668,28.778248778996165
188,1792,3328,train,65536,8224,57312,3837,410,2792,1185,0.12548828125,0.0585479736328125,0.03294859081506729,0.09823865443468094,0.02357977256178856,77.06044951221014,28.778248778996165
189,1792,3584,train,65536,7643,57893,3965,212,3117,349,0.1166229248046875,0.0605010986328125,0.03401167690753937,0.10345956683158875,0.024843204766511917,77.0834463834836,28.778248778996165
190,1792,3840,train,65536,8355,57181,4343,164,3625,223,0.1274871826171875,0.0662689208984375,0.024504942819476128,0.0706310048699379,0.017765231430530548,77.10644325475707,28.778248778996165
191,1792,4096,train,65536,8220,57316,4855,648,2095,622,0.12542724609375,0.0740814208984375,0.03080984577536583,0.07412437349557877,0.02459787018597126,77.12944012603053,28.778248778996165
192,1792,4352,train,65536,8728,56808,5010,259,3087,372,0.1331787109375,0.076446533203125,0.03186650946736336,0.07499620318412781,0.02524005062878132,77.15243699730398,28.778248778996165
193,1792,4608,train,65536,9528,56008,5005,571,2824,1128,0.1453857421875,0.0763702392578125,0.030466817319393158,0.06514769792556763,0.024566959589719772,77.17543386857744,28.778248778996165
194,1792,4864,train,65536,10043,55493,6370,144,3439,90,0.1532440185546875,0.097198486328125,0.027312178164720535,0.08109624683856964,0.017578454688191414,77.1984307398509,28.778248778996165
195,1792,5120,train,65536,14119,51417,7835,0,6284,0,0.2154388427734375,0.1195526123046875,0.04318965598940849,0.10443111509084702,0.0263728778809309,77.22142761112437,28.778248778996165
196,1792,5376,train,65536,9509,56027,5706,444,3147,212,0.1450958251953125,0.087066650390625,0.03066558763384819,0.06644701957702637,0.024592703208327293,77.24442448239782,28.778248778996165
197,1792,5632,train,65536,8827,56709,3847,1278,1540,2162,0.1346893310546875,0.0587005615234375,0.047920577228069305,0.12745970487594604,0.03553996980190277,77.26742135367128,28.778248778996165
198,1792,5888,train,65536,8478,57058,4385,655,2532,906,0.129364013671875,0.0669097900390625,0.032983992248773575,0.09233007580041885,0.024166017770767212,77.29041822494474,28.778248778996165
199,1792,6144,train,65536,9215,56321,5046,75,3996,98,0.1406097412109375,0.076995849609375,0.026380855590105057,0.08091443032026291,0.01745830662548542,77.31341509621821,28.778248778996165
200,2048,0,train,65536,10715,54821,6010,124,4561,20,0.1634979248046875,0.091705322265625,0.03849104419350624,0.09202751517295837,0.028027115389704704,76.76149018565516,28.755251907722705
201,2048,256,train,65536,9791,55745,4868,245,4619,59,0.1493988037109375,0.07427978515625,0.035528093576431274,0.09841613471508026,0.024482496082782745,76.78448705692863,28.755251907722705
202,2048,512,train,65536,9832,55704,5760,104,3941,27,0.1500244140625,0.087890625,0.02984832227230072,0.079515241086483,0.021081890910863876,76.80748392820209,28.755251907722705
203,2048,768,train,65536,8446,57090,5025,197,3145,79,0.128875732421875,0.0766754150390625,0.02809954434633255,0.08289889991283417,0.01999242790043354,76.83048079947555,28.755251907722705
204,2048,1024,train,65536,10146,55390,5469,32,4622,23,0.154815673828125,0.0834503173828125,0.03007255680859089,0.07961484789848328,0.020997704938054085,76.853477670749,28.755251907722705
205,2048,1280,train,65536,9813,55723,4715,256,4805,37,0.1497344970703125,0.0719451904296875,0.0421728789806366,0.0967433825135231,0.03256283327937126,76.87647454202246,28.755251907722705
206,2048,1536,train,65536,10249,55287,5292,338,4559,60,0.1563873291015625,0.08074951171875,0.03248370438814163,0.07936769723892212,0.023792440071702003,76.89947141329593,28.755251907722705
207,2048,1792,train,65536,9772,55764,4982,358,4365,67,0.14910888671875,0.076019287109375,0.03831309452652931,0.09954413026571274,0.027583060786128044,76.92246828456939,28.755251907722705
208,2048,2048,train,65536,10283,55253,5565,117,4463,138,0.1569061279296875,0.0849151611328125,0.026917656883597374,0.07139559090137482,0.018639979884028435,76.94546515584284,28.755251907722705
209,2048,2304,train,65536,10435,55101,5162,66,5156,51,0.1592254638671875,0.078765869140625,0.022851120680570602,0.055916521698236465,0.01658921130001545,76.9684620271163,28.755251907722705
210,2048,2560,train,65536,9690,55846,5135,186,4120,249,0.147857666015625,0.0783538818359375,0.024127386510372162,0.07056786864995956,0.01606936566531658,76.99145889838977,28.755251907722705
211,2048,2816,train,65475,10241,55234,5578,59,4536,68,0.15641084383352424,0.08519282168766705,0.039652373641729355,0.0851525366306305,0.031216133385896683,77.01445576966323,28.755251907722705
212,2048,3072,train,65536,9804,55732,5336,26,4419,23,0.14959716796875,0.0814208984375,0.03679189831018448,0.09791538864374161,0.02603946439921856,77.03745264093668,28.755251907722705
213,2048,3328,train,65536,8135,57401,3913,367,3118,737,0.1241302490234375,0.0597076416015625,0.03542034700512886,0.0958312377333641,0.02685878425836563,77.06044951221014,28.755251907722705
214,2048,3584,train,65536,8813,56723,4325,745,2327,1416,0.1344757080078125,0.0659942626953125,0.036877043545246124,0.0958254411816597,0.027718286961317062,77.0834463834836,28.755251907722705
215,2048,3840,train,65536,7940,57596,3517,1324,1460,1639,0.12115478515625,0.0536651611328125,0.038011081516742706,0.10577242821455002,0.02866971865296364,77.10644325475707,28.755251907722705
216,2048,4096,train,65536,7724,57812,3794,695,1967,1268,0.11785888671875,0.057891845703125,0.030251111835241318,0.09230960160493851,0.021959757432341576,77.12944012603053,28.755251907722705
217,2048,4352,train,65536,8668,56868,4053,1033,1126,2456,0.13226318359375,0.0618438720703125,0.034978825598955154,0.09129051119089127,0.02639561891555786,77.15243699730398,28.755251907722705
218,2048,4608,train,65536,8978,56558,4847,952,1611,1568,0.136993408203125,0.0739593505859375,0.03717298060655594,0.09276150166988373,0.028348878026008606,77.17543386857744,28.755251907722705
219,2048,4864,train,65536,8839,56697,4460,853,1949,1577,0.1348724365234375,0.06805419921875,0.03350245580077171,0.08341402560472488,0.025721296668052673,77.1984307398509,28.755251907722705
220,2048,5120,train,65536,11584,53952,7405,1081,2988,110,0.1767578125,0.1129913330078125,0.051163554191589355,0.09928678721189499,0.04083104804158211,77.22142761112437,28.755251907722705
221,2048,5376,train,65536,9754,55782,6509,701,1890,654,0.148834228515625,0.0993194580078125,0.031809985637664795,0.07667122036218643,0.023965580388903618,77.24442448239782,28.755251907722705
222,2048,5632,train,65536,8070,57466,4116,888,1583,1483,0.123138427734375,0.06280517578125,0.032770540565252304,0.0862642452120781,0.025258377194404602,77.26742135367128,28.755251907722705
223,2048,5888,train,65536,7874,57662,3718,816,1273,2067,0.120147705078125,0.056732177734375,0.03551440313458443,0.09253154695034027,0.02772846259176731,77.29041822494474,28.755251907722705
224,2048,6144,train,65536,7666,57870,3923,452,2449,842,0.116973876953125,0.0598602294921875,0.02979782037436962,0.08595678210258484,0.02235848270356655,77.31341509621821,28.755251907722705
225,2304,0,train,65536,10568,54968,4269,147,6060,92,0.1612548828125,0.0651397705078125,0.030297664925456047,0.08568869531154633,0.01964833214879036,76.76149018565516,28.732255036449246
226,2304,256,train,65536,9764,55772,4619,92,4991,62,0.14898681640625,0.0704803466796875,0.034502916038036346,0.09163682162761688,0.024500487372279167,76.78448705692863,28.732255036449246
227,2304,512,train,65536,8436,57100,3605,98,4612,121,0.12872314453125,0.0550079345703125,0.025061551481485367,0.0760306641459465,0.01753133162856102,76.80748392820209,28.732255036449246
228,2304,768,train,65536,9883,55653,5794,265,3688,136,0.1508026123046875,0.088409423828125,0.03945674002170563,0.09869648516178131,0.028936801478266716,76.83048079947555,28.732255036449246
229,2304,1024,train,65536,9840,55696,5851,175,3713,101,0.150146484375,0.0892791748046875,0.034838829189538956,0.08671218156814575,0.025674188509583473,76.853477670749,28.732255036449246
230,2304,1280,train,65536,9466,56070,4906,244,4212,104,0.144439697265625,0.074859619140625,0.0362112931907177,0.08480377495288849,0.02800768055021763,76.87647454202246,28.732255036449246
231,2304,1536,train,65536,8932,56604,4620,490,3640,182,0.13629150390625,0.07049560546875,0.02972574718296528,0.08771110326051712,0.02057577110826969,76.89947141329593,28.732255036449246
232,2304,1792,train,65536,9293,56243,4641,1224,3226,202,0.1417999267578125,0.0708160400390625,0.03489511087536812,0.09741712361574173,0.024564633145928383,76.92246828456939,28.732255036449246
233,2304,2048,train,65536,8221,57315,4655,733,2524,309,0.1254425048828125,0.0710296630859375,0.0281674824655056,0.08122383058071136,0.020557329058647156,76.94546515584284,28.732255036449246
234,2304,2304,train,65536,10413,55123,4555,108,5731,19,0.1588897705078125,0.0695037841796875,0.028682727366685867,0.07181171327829361,0.020535454154014587,76.9684620271163,28.732255036449246
235,2304,2560,train,58613,7380,51233,2693,442,4160,85,0.12591063415965742,0.045945438725197484,0.02636066824197769,0.08976161479949951,0.017227904871106148,76.99145889838977,28.732255036449246
236,2304,2816,train,59219,8455,50764,4697,141,3508,109,0.14277512284908558,0.0793157601445482,0.026998350396752357,0.0782751739025116,0.018457934260368347,77.01445576966323,28.732255036449246
237,2304,3072,train,65536,9006,56530,4902,496,3270,338,0.137420654296875,0.074798583984375,0.03652296960353851,0.08899809420108795,0.028162969276309013,77.03745264093668,28.732255036449246
238,2304,3328,train,65536,9123,56413,4641,1240,1690,1552,0.1392059326171875,0.0708160400390625,0.039252739399671555,0.10742374509572983,0.028228256851434708,77.06044951221014,28.732255036449246
239,2304,3584,train,65536,8468,57068,4093,1129,1493,1753,0.12921142578125,0.0624542236328125,0.042924828827381134,0.09715603291988373,0.03487776219844818,77.0834463834836,28.732255036449246
240,2304,3840,train,65536,9186,56350,4220,1668,1586,1712,0.140167236328125,0.06439208984375,0.043936628848314285,0.11861338466405869,0.03176305815577507,77.10644325475707,28.732255036449246
241,2304,4096,train,65536,9332,56204,3961,1748,1247,2376,0.14239501953125,0.0604400634765625,0.044286392629146576,0.11907405406236649,0.03186879679560661,77.12944012603053,28.732255036449246
242,2304,4352,train,65536,9268,56268,3901,1030,1990,2347,0.14141845703125,0.0595245361328125,0.037891585379838943,0.09823828935623169,0.027951771393418312,77.15243699730398,28.732255036449246
243,2304,4608,train,65536,8986,56550,4654,1043,1749,1540,0.137115478515625,0.071014404296875,0.0370742529630661,0.10465158522129059,0.02633597142994404,77.17543386857744,28.732255036449246
244,2304,4864,train,65536,8241,57295,3850,843,1733,1815,0.1257476806640625,0.058746337890625,0.03590516746044159,0.08805976808071136,0.02840353548526764,77.1984307398509,28.732255036449246
245,2304,5120,train,65536,10307,55229,5728,1262,2491,826,0.1572723388671875,0.08740234375,0.02862490899860859,0.07123371958732605,0.020673125982284546,77.22142761112437,28.732255036449246
246,2304,5376,train,65536,11027,54509,7787,376,2185,679,0.1682586669921875,0.1188201904296875,0.04681634530425072,0.12634159624576569,0.03072863258421421,77.24442448239782,28.732255036449246
247,2304,5632,train,65536,9223,56313,4128,1321,1225,2549,0.1407318115234375,0.06298828125,0.035999126732349396,0.0872909352183342,0.027598503977060318,77.26742135367128,28.732255036449246
248,2304,5888,train,65536,9032,56504,3725,1642,726,2939,0.1378173828125,0.0568389892578125,0.050120946019887924,0.12465695291757584,0.03820658102631569,77.29041822494474,28.732255036449246
249,2304,6144,train,65536,8056,57480,3946,792,1860,1458,0.1229248046875,0.060211181640625,0.030673541128635406,0.08488235622644424,0.023076007142663002,77.31341509621821,28.732255036449246
250,2560,0,train,65536,8987,56549,4630,269,3785,303,0.1371307373046875,0.070648193359375,0.0293575469404459,0.0778786689043045,0.021646369248628616,76.76149018565516,28.709258165175786
251,2560,256,train,65536,8543,56993,4123,15,4349,56,0.1303558349609375,0.0629119873046875,0.03059532307088375,0.08727400004863739,0.022099440917372704,76.78448705692863,28.709258165175786
252,2560,512,train,65536,8703,56833,4117,332,4171,83,0.1327972412109375,0.0628204345703125,0.02793530374765396,0.08287189900875092,0.01952270418405533,76.80748392820209,28.709258165175786
253,2560,768,train,65536,9353,56183,4403,90,4790,70,0.1427154541015625,0.0671844482421875,0.03297053277492523,0.08567623794078827,0.024196412414312363,76.83048079947555,28.709258165175786
254,2560,1024,train,65536,10593,54943,5559,471,4559,4,0.1616363525390625,0.0848236083984375,0.04980875924229622,0.11872091144323349,0.0365225113928318,76.853477670749,28.709258165175786
255,2560,1280,train,65536,9740,55796,5335,594,3063,748,0.14862060546875,0.0814056396484375,0.0409613773226738,0.09039010852575302,0.032332874834537506,76.87647454202246,28.709258165175786
256,2560,1536,train,65536,9151,56385,5298,606,2745,502,0.1396331787109375,0.080841064453125,0.037833523005247116,0.09784717857837677,0.02809361182153225,76.89947141329593,28.709258165175786
257,2560,1792,train,65536,7593,57943,3786,365,2949,493,0.1158599853515625,0.057769775390625,0.030731748789548874,0.07946094870567322,0.02434615045785904,76.92246828456939,28.709258165175786
258,2560,2048,train,65536,8447,57089,4360,662,3208,217,0.1288909912109375,0.0665283203125,0.030271587893366814,0.06947378069162369,0.024471154436469078,76.94546515584284,28.709258165175786
259,2560,2304,train,65536,9691,55845,4809,76,4745,61,0.1478729248046875,0.0733795166015625,0.031706538051366806,0.07365426421165466,0.02442718856036663,76.9684620271163,28.709258165175786
260,2560,2560,train,64711,8795,55916,4159,309,4281,46,0.1359119778708411,0.06427037134335739,0.02519538253545761,0.06218823045492172,0.01937679573893547,76.99145889838977,28.709258165175786
261,2560,2816,train,65500,12057,53443,5489,11,6550,7,0.1840763358778626,0.08380152671755725,0.04551084339618683,0.10006345808506012,0.03320351243019104,77.01445576966323,28.709258165175786
262,2560,3072,train,65536,10399,55137,5924,1003,1714,1758,0.1586761474609375,0.09039306640625,0.040792085230350494,0.09503886848688126,0.030560985207557678,77.03745264093668,28.709258165175786
263,2560,3328,train,65536,9436,56100,5110,1443,1275,1608,0.14398193359375,0.077972412109375,0.042990557849407196,0.11761968582868576,0.03043796308338642,77.06044951221014,28.709258165175786
264,2560,3584,train,65536,8835,56701,3370,1382,1292,2791,0.1348114013671875,0.051422119140625,0.04030121862888336,0.1024249717593193,0.030621258541941643,77.0834463834836,28.709258165175786
265,2560,3840,train,65536,9519,56017,3708,1762,910,3139,0.1452484130859375,0.05657958984375,0.046269118785858154,0.11676694452762604,0.03428938612341881,77.10644325475707,28.709258165175786
266,2560,4096,train,65536,9340,56196,3902,1778,896,2764,0.14251708984375,0.059539794921875,0.048129186034202576,0.12223361432552338,0.03581273555755615,77.12944012603053,28.709258165175786
267,2560,4352,train,65536,8286,57250,3698,1227,1111,2250,0.126434326171875,0.056427001953125,0.03740286827087402,0.09691035002470016,0.02879013679921627,77.15243699730398,28.709258165175786
268,2560,4608,train,65536,9201,56335,3753,1434,1581,2433,0.1403961181640625,0.0572662353515625,0.04272446036338806,0.11587992310523987,0.030776234343647957,77.17543386857744,28.709258165175786
269,2560,4864,train,65536,9402,56134,4215,969,2854,1364,0.143463134765625,0.0643157958984375,0.03413901850581169,0.0837051197886467,0.025837088003754616,77.1984307398509,28.709258165175786
270,2560,5120,train,65536,9613,55923,5200,834,2358,1221,0.1466827392578125,0.079345703125,0.03320423513650894,0.07934309542179108,0.025273101404309273,77.22142761112437,28.709258165175786
271,2560,5376,train,65536,9931,55605,5651,1112,2258,910,0.1515350341796875,0.0862274169921875,0.03726775944232941,0.11814569681882858,0.022823035717010498,77.24442448239782,28.709258165175786
272,2560,5632,train,65536,9868,55668,3335,2032,496,4005,0.15057373046875,0.0508880615234375,0.051519475877285004,0.11435238271951675,0.04038139060139656,77.26742135367128,28.709258165175786
273,2560,5888,train,65536,10046,55490,3843,1952,776,3475,0.153289794921875,0.0586395263671875,0.04928172379732132,0.12504573166370392,0.03556528687477112,77.29041822494474,28.709258165175786
274,2560,6144,train,65536,8369,57167,3884,970,1195,2320,0.1277008056640625,0.05926513671875,0.03971538692712784,0.10679685324430466,0.029894955456256866,77.31341509621821,28.709258165175786
275,2816,0,train,65536,9216,56320,4630,34,4517,35,0.140625,0.070648193359375,0.02818404883146286,0.07521871477365494,0.02048746682703495,76.76149018565516,28.686261293902326
276,2816,256,train,65536,7812,57724,3717,49,4005,41,0.11920166015625,0.0567169189453125,0.027489902451634407,0.06899809092283249,0.021872447803616524,76.78448705692863,28.686261293902326
277,2816,512,train,65536,9734,55802,4451,272,4889,122,0.148529052734375,0.0679168701171875,0.03137461096048355,0.08340439200401306,0.02229863405227661,76.80748392820209,28.686261293902326
278,2816,768,train,65536,9871,55665,5033,43,4747,48,0.1506195068359375,0.0767974853515625,0.03248908743262291,0.0736793801188469,0.02518486976623535,76.83048079947555,28.686261293902326
279,2816,1024,train,65226,9961,55265,5285,60,4610,6,0.15271517493024253,0.0810259712384632,0.0432414785027504,0.1053989827632904,0.03203817456960678,76.853477670749,28.686261293902326
280,2816,1280,train,64812,9410,55402,4924,37,4410,39,0.14518916250077146,0.0759735851385546,0.034565821290016174,0.08400464057922363,0.026168664917349815,76.87647454202246,28.686261293902326
281,2816,1536,train,65536,9325,56211,4787,659,3002,877,0.1422882080078125,0.0730438232421875,0.03754749149084091,0.08790108561515808,0.029194187372922897,76.89947141329593,28.686261293902326
282,2816,1792,train,65536,7521,58015,3920,609,1945,1047,0.1147613525390625,0.059814453125,0.03418407961726189,0.08989997208118439,0.026961132884025574,76.92246828456939,28.686261293902326
283,2816,2048,train,65536,8455,57081,4434,986,1788,1247,0.1290130615234375,0.067657470703125,0.038239557296037674,0.10263750702142715,0.028700750321149826,76.94546515584284,28.686261293902326
284,2816,2304,train,65536,8672,56864,5149,526,1997,1000,0.13232421875,0.0785675048828125,0.03381722420454025,0.08801250159740448,0.025552213191986084,76.9684620271163,28.686261293902326
285,2816,2560,train,65536,8849,56687,4740,640,2829,640,0.1350250244140625,0.07232666015625,0.03599721938371658,0.09791910648345947,0.026331039145588875,76.99145889838977,28.686261293902326
286,2816,2816,train,64832,10236,54596,5314,493,4169,260,0.15788499506416584,0.08196569595261599,0.04521915689110756,0.11193621158599854,0.03271063044667244,77.01445576966323,28.686261293902326
287,2816,3072,train,65516,10240,55276,6165,1141,821,2113,0.1562976982721778,0.09409915135234141,0.05818650498986244,0.1554066389799118,0.040176261216402054,77.03745264093668,28.686261293902326
288,2816,3328,train,65536,9577,55959,3455,1668,1269,3185,0.1461334228515625,0.0527191162109375,0.04225355014204979,0.10902374982833862,0.030826283618807793,77.06044951221014,28.686261293902326
289,2816,3584,train,65536,9334,56202,3712,1567,1542,2513,0.142425537109375,0.056640625,0.04860571026802063,0.12316465377807617,0.036222994327545166,77.0834463834836,28.686261293902326
290,2816,3840,train,65536,9414,56122,4596,1477,1049,2292,0.143646240234375,0.07012939453125,0.037383005023002625,0.09062286466360092,0.02845245786011219,77.10644325475707,28.686261293902326
291,2816,4096,train,65536,9278,56258,4177,1471,1109,2521,0.141571044921875,0.0637359619140625,0.04194037616252899,0.10181047767400742,0.03206667676568031,77.12944012603053,28.686261293902326
292,2816,4352,train,65536,9231,56305,4017,1584,1115,2515,0.1408538818359375,0.0612945556640625,0.04060883820056915,0.11014124006032944,0.029209252446889877,77.15243699730398,28.686261293902326
293,2816,4608,train,65536,9585,55951,3954,1846,1169,2616,0.1462554931640625,0.060333251953125,0.03926711529493332,0.09882956743240356,0.029063435271382332,77.17543386857744,28.686261293902326
294,2816,4864,train,65536,9335,56201,3896,1645,1312,2482,0.1424407958984375,0.0594482421875,0.04416391998529434,0.10664526373147964,0.033785752952098846,77.1984307398509,28.686261293902326
295,2816,5120,train,65536,9978,55558,5782,1369,1259,1568,0.152252197265625,0.088226318359375,0.037317220121622086,0.0907813161611557,0.027715278789401054,77.22142761112437,28.686261293902326
296,2816,5376,train,65536,10434,55102,4820,2220,3038,356,0.159210205078125,0.07354736328125,0.044118482619524,0.10412156581878662,0.03275642544031143,77.24442448239782,28.686261293902326
297,2816,5632,train,65536,8981,56555,3077,1130,1253,3521,0.1370391845703125,0.0469512939453125,0.04249846935272217,0.11148133128881454,0.03154391422867775,77.26742135367128,28.686261293902326
298,2816,5888,train,65536,9091,56445,3259,1219,1352,3261,0.1387176513671875,0.0497283935546875,0.047844965010881424,0.12450626492500305,0.035497941076755524,77.29041822494474,28.686261293902326
299,2816,6144,train,65536,9005,56531,3950,1213,1479,2363,0.1374053955078125,0.060272216796875,0.03721369430422783,0.10428209602832794,0.026530157774686813,77.31341509621821,28.686261293902326
300,3072,0,train,65536,7389,58147,3605,145,3598,41,0.1127471923828125,0.0550079345703125,0.02703043445944786,0.08881709724664688,0.019178928807377815,76.76149018565516,28.663264422628867
301,3072,256,train,65536,9913,55623,4705,41,5120,47,0.1512603759765625,0.0717926025390625,0.03109006956219673,0.08882182091474533,0.020801251754164696,76.78448705692863,28.663264422628867
302,3072,512,train,65536,10565,54971,5459,147,4938,21,0.1612091064453125,0.0832977294921875,0.03072478622198105,0.08213899284601212,0.020843373611569405,76.80748392820209,28.663264422628867
303,3072,768,train,65536,9354,56182,4219,52,5045,38,0.142730712890625,0.0643768310546875,0.025505544617772102,0.07514382153749466,0.017241040244698524,76.83048079947555,28.663264422628867
304,3072,1024,train,65405,8485,56920,4459,110,3725,191,0.12973014295543153,0.06817521596208241,0.03202579915523529,0.09286618232727051,0.022956399247050285,76.853477670749,28.663264422628867
305,3072,1280,train,65536,7735,57801,3928,330,3120,357,0.1180267333984375,0.0599365234375,0.03269370272755623,0.10132932662963867,0.023508798331022263,76.87647454202246,28.663264422628867
306,3072,1536,train,65536,9244,56292,6158,245,2621,220,0.14105224609375,0.093963623046875,0.032109156250953674,0.08118553459644318,0.024050073698163033,76.89947141329593,28.663264422628867
307,3072,1792,train,65536,9787,55749,5538,417,3654,178,0.1493377685546875,0.084503173828125,0.024142898619174957,0.07537145912647247,0.015149484388530254,76.92246828456939,28.663264422628867
308,3072,2048,train,65536,9771,55765,4970,71,4668,62,0.1490936279296875,0.075836181640625,0.023258181288838387,0.05805377662181854,0.01716138795018196,76.94546515584284,28.663264422628867
309,3072,2304,train,65536,10924,54612,5422,15,5477,10,0.16668701171875,0.082733154296875,0.026427678763866425,0.06790164858102798,0.018131667748093605,76.9684620271163,28.663264422628867
310,3072,2560,train,65536,10630,54906,5186,16,5419,9,0.162200927734375,0.079132080078125,0.02650514803826809,0.06787653267383575,0.018495498225092888,76.99145889838977,28.663264422628867
311,3072,2816,train,65536,9616,55920,5304,220,3777,315,0.146728515625,0.0809326171875,0.03683746978640556,0.0981527641415596,0.026293696835637093,77.01445576966323,28.663264422628867
312,3072,3072,train,65536,9722,55814,5128,922,2923,749,0.148345947265625,0.0782470703125,0.03989557549357414,0.10041055828332901,0.02935473620891571,77.03745264093668,28.663264422628867
313,3072,3328,train,65536,9067,56469,4007,1750,1003,2307,0.1383514404296875,0.0611419677734375,0.042037203907966614,0.1112886443734169,0.03091777302324772,77.06044951221014,28.663264422628867
314,3072,3584,train,65536,9298,56238,4356,1607,1360,1975,0.141876220703125,0.06646728515625,0.034955158829689026,0.08594712615013123,0.026524504646658897,77.0834463834836,28.663264422628867
315,3072,3840,train,65536,8565,56971,3474,2007,760,2324,0.1306915283203125,0.053009033203125,0.04072219505906105,0.09724729508161545,0.03222423046827316,77.10644325475707,28.663264422628867
316,3072,4096,train,65536,9768,55768,4004,1943,1003,2818,0.1490478515625,0.06109619140625,0.04569846764206886,0.11333800852298737,0.03385111317038536,77.12944012603053,28.663264422628867
317,3072,4352,train,65536,9217,56319,3648,2186,1324,2059,0.1406402587890625,0.0556640625,0.040068015456199646,0.11329954117536545,0.028083162382245064,77.15243699730398,28.663264422628867
318,3072,4608,train,65536,9077,56459,3559,2006,671,2841,0.1385040283203125,0.0543060302734375,0.04899044707417488,0.1405278593301773,0.03427383676171303,77.17543386857744,28.663264422628867
319,3072,4864,train,65536,8652,56884,4136,1311,835,2370,0.13201904296875,0.0631103515625,0.04311137646436691,0.11948276311159134,0.03149536997079849,77.1984307398509,28.663264422628867
320,3072,5120,train,65536,9197,56339,3891,1540,1086,2680,0.1403350830078125,0.0593719482421875,0.04761743173003197,0.12764587998390198,0.034553270787000656,77.22142761112437,28.663264422628867
321,3072,5376,train,65536,10661,54875,6358,1493,1356,1454,0.1626739501953125,0.097015380859375,0.03943087160587311,0.10476847738027573,0.026737218722701073,77.24442448239782,28.663264422628867
322,3072,5632,train,65536,9608,55928,4587,1112,1452,2457,0.1466064453125,0.0699920654296875,0.04001415893435478,0.10542309284210205,0.028777405619621277,77.26742135367128,28.663264422628867
323,3072,5888,train,65536,9468,56068,3651,1455,1496,2866,0.14447021484375,0.0557098388671875,0.04151897877454758,0.10457588732242584,0.030870787799358368,77.29041822494474,28.663264422628867
324,3072,6144,train,65536,9091,56445,4249,1335,1145,2362,0.1387176513671875,0.0648345947265625,0.04317930340766907,0.11264324933290482,0.03199148178100586,77.31341509621821,28.663264422628867
325,3328,0,train,65536,9616,55920,5121,17,4448,30,0.146728515625,0.0781402587890625,0.03136878460645676,0.0848909392952919,0.022165115922689438,76.76149018565516,28.640267551355407
326,3328,256,train,65536,7830,57706,3999,80,3671,80,0.119476318359375,0.0610198974609375,0.027003556489944458,0.076268769800663,0.02031887136399746,76.78448705692863,28.640267551355407
327,3328,512,train,65536,9465,56071,5173,293,3889,110,0.1444244384765625,0.0789337158203125,0.030090605840086937,0.07300864160060883,0.022845875471830368,76.80748392820209,28.640267551355407
328,3328,768,train,65536,8931,56605,3948,134,4833,16,0.1362762451171875,0.06024169921875,0.023614706471562386,0.06523046642541885,0.0170486718416214,76.83048079947555,28.640267551355407
329,3328,1024,train,65536,11286,54250,5544,2,5740,0,0.172210693359375,0.0845947265625,0.045795828104019165,0.09132430702447891,0.03632422536611557,76.853477670749,28.640267551355407
330,3328,1280,train,65536,10014,55522,5932,504,3207,371,0.152801513671875,0.09051513671875,0.028002198785543442,0.06631837785243988,0.021091455593705177,76.87647454202246,28.640267551355407
331,3328,1536,train,65536,11665,53871,6221,369,4854,221,0.1779937744140625,0.0949249267578125,0.03539972007274628,0.09069404751062393,0.023426515981554985,76.89947141329593,28.640267551355407
332,3328,1792,train,65536,9664,55872,4414,24,5216,10,0.1474609375,0.067352294921875,0.022609155625104904,0.06491795927286148,0.015291139483451843,76.92246828456939,28.640267551355407
333,3328,2048,train,65536,9648,55888,5173,69,4333,73,0.147216796875,0.0789337158203125,0.023559492081403732,0.056561850011348724,0.017862262204289436,76.94546515584284,28.640267551355407
334,3328,2304,train,65536,10081,55455,5603,133,4165,180,0.1538238525390625,0.0854949951171875,0.024909483268857002,0.06416431814432144,0.01777346432209015,76.9684620271163,28.640267551355407
335,3328,2560,train,65536,10465,55071,5137,62,5190,76,0.1596832275390625,0.0783843994140625,0.027929799631237984,0.06737416237592697,0.020434290170669556,76.99145889838977,28.640267551355407
336,3328,2816,train,65536,9161,56375,4900,821,2162,1278,0.1397857666015625,0.07476806640625,0.03282865136861801,0.08367286622524261,0.0245664119720459,77.01445576966323,28.640267551355407
337,3328,3072,train,65536,8373,57163,3466,1988,1035,1884,0.1277618408203125,0.052886962890625,0.035382598638534546,0.09822425991296768,0.026177814230322838,77.03745264093668,28.640267551355407
338,3328,3328,train,65536,8787,56749,3754,2346,1178,1509,0.1340789794921875,0.057281494140625,0.038218822330236435,0.09978001564741135,0.028686702251434326,77.06044951221014,28.640267551355407
339,3328,3584,train,65536,8909,56627,3615,1507,1360,2427,0.1359405517578125,0.0551605224609375,0.04066792130470276,0.1042545810341835,0.030663974583148956,77.0834463834836,28.640267551355407
340,3328,3840,train,65536,9227,56309,3637,1732,874,2984,0.1407928466796875,0.0554962158203125,0.05688409134745598,0.13226577639579773,0.044531773775815964,77.10644325475707,28.640267551355407
341,3328,4096,train,65536,9492,56044,3844,1704,866,3078,0.14483642578125,0.05865478515625,0.042329199612140656,0.10073765367269516,0.032436735928058624,77.12944012603053,28.640267551355407
342,3328,4352,train,65536,8132,57404,4005,472,2804,851,0.12408447265625,0.0611114501953125,0.03353286162018776,0.08336443454027176,0.02647358924150467,77.15243699730398,28.640267551355407
343,3328,4608,train,65536,9348,56188,4223,1691,1023,2411,0.14263916015625,0.0644378662109375,0.03711951896548271,0.0873907208442688,0.02875589393079281,77.17543386857744,28.640267551355407
344,3328,4864,train,65536,9823,55713,4976,1417,1178,2252,0.1498870849609375,0.075927734375,0.03587068244814873,0.0973624587059021,0.02502880059182644,77.1984307398509,28.640267551355407
345,3328,5120,train,65536,9389,56147,4147,1600,937,2705,0.1432647705078125,0.0632781982421875,0.042675115168094635,0.10756628215312958,0.03182389959692955,77.22142761112437,28.640267551355407
346,3328,5376,train,65536,9201,56335,4497,1124,1835,1745,0.1403961181640625,0.0686187744140625,0.041329797357320786,0.09131579101085663,0.03316575661301613,77.24442448239782,28.640267551355407
347,3328,5632,train,65536,12170,53366,7283,732,2550,1605,0.185699462890625,0.1111297607421875,0.04417729377746582,0.11466726660728455,0.02810220792889595,77.26742135367128,28.640267551355407
348,3328,5888,train,65536,9589,55947,3833,1428,1262,3066,0.1463165283203125,0.0584869384765625,0.035718806087970734,0.09135042130947113,0.026183858513832092,77.29041822494474,28.640267551355407
349,3328,6144,train,65536,9337,56199,4486,1421,1394,2036,0.1424713134765625,0.068450927734375,0.03998348116874695,0.09908456355333328,0.0301643218845129,77.31341509621821,28.640267551355407
350,3584,0,train,65536,10091,55445,4333,230,5491,37,0.1539764404296875,0.0661163330078125,0.03154359757900238,0.07621261477470398,0.023413827642798424,76.76149018565516,28.617270680081948
351,3584,256,train,65536,9499,56037,4339,81,5063,16,0.1449432373046875,0.0662078857421875,0.0287131667137146,0.06598160415887833,0.022395681589841843,76.78448705692863,28.617270680081948
352,3584,512,train,65536,10138,55398,4867,441,4481,349,0.154693603515625,0.0742645263671875,0.03411037474870682,0.08630406856536865,0.024558769538998604,76.80748392820209,28.617270680081948
353,3584,768,train,65536,10603,54933,5500,228,4866,9,0.1617889404296875,0.08392333984375,0.042842186987400055,0.10762844979763031,0.030337341129779816,76.83048079947555,28.617270680081948
354,3584,1024,train,65536,9907,55629,5331,16,4560,0,0.1511688232421875,0.0813446044921875,0.030647173523902893,0.07109151780605316,0.023444419726729393,76.853477670749,28.617270680081948
355,3584,1280,train,65536,9130,56406,4061,185,4859,25,0.139312744140625,0.0619659423828125,0.027775324881076813,0.08528149873018265,0.01846724934875965,76.87647454202246,28.617270680081948
356,3584,1536,train,65536,10463,55073,5640,32,4734,57,0.1596527099609375,0.0860595703125,0.022799335420131683,0.06454470753669739,0.014868373051285744,76.89947141329593,28.617270680081948
357,3584,1792,train,65536,9723,55813,6549,481,2391,302,0.1483612060546875,0.0999298095703125,0.027660757303237915,0.07769270986318588,0.01894485391676426,76.92246828456939,28.617270680081948
358,3584,2048,train,65536,9116,56420,5753,37,3253,73,0.13909912109375,0.0877838134765625,0.017039911821484566,0.04779602959752083,0.01207052543759346,76.94546515584284,28.617270680081948
359,3584,2304,train,65536,7833,57703,3948,333,3037,515,0.1195220947265625,0.06024169921875,0.022363705560564995,0.0616011843085289,0.017037343233823776,76.9684620271163,28.617270680081948
360,3584,2560,train,65536,7632,57904,4068,800,1993,771,0.116455078125,0.06207275390625,0.03637270629405975,0.11879810690879822,0.025508681312203407,76.99145889838977,28.617270680081948
361,3584,2816,train,65536,8939,56597,4604,958,1923,1454,0.1363983154296875,0.07025146484375,0.04222610965371132,0.09901770949363708,0.03325636684894562,77.01445576966323,28.617270680081948
362,3584,3072,train,65536,10016,55520,4258,1445,1143,3170,0.15283203125,0.064971923828125,0.05068690702319145,0.1114070862531662,0.03973278030753136,77.03745264093668,28.617270680081948
363,3584,3328,train,65536,9890,55646,3359,1627,741,4163,0.150909423828125,0.0512542724609375,0.04747005179524422,0.11098936200141907,0.03618072345852852,77.06044951221014,28.617270680081948
364,3584,3584,train,65536,9694,55842,4051,1840,851,2952,0.147918701171875,0.0618133544921875,0.052970901131629944,0.11931732296943665,0.041453368961811066,77.0834463834836,28.617270680081948
365,3584,3840,train,65536,9967,55569,4387,1587,1130,2863,0.1520843505859375,0.0669403076171875,0.04699574410915375,0.11443478614091873,0.03489970043301582,77.10644325475707,28.617270680081948
366,3584,4096,train,65536,9717,55819,4939,1216,1600,1962,0.1482696533203125,0.0753631591796875,0.04451322928071022,0.11177920550107956,0.03280353173613548,77.12944012603053,28.617270680081948
367,3584,4352,train,65536,9837,55699,4727,999,1410,2701,0.1501007080078125,0.0721282958984375,0.03996283933520317,0.09623266011476517,0.030025023967027664,77.15243699730398,28.617270680081948
368,3584,4608,train,65536,9775,55761,5192,1162,783,2638,0.1491546630859375,0.0792236328125,0.0350949689745903,0.08598022162914276,0.026174696162343025,77.17543386857744,28.617270680081948
369,3584,4864,train,65536,9026,56510,4620,1717,954,1735,0.137725830078125,0.07049560546875,0.046389322727918625,0.10161007940769196,0.03756925091147423,77.1984307398509,28.617270680081948
370,3584,5120,train,65536,8531,57005,4049,1699,1436,1347,0.1301727294921875,0.0617828369140625,0.04094545543193817,0.11131023615598679,0.03041512332856655,77.22142761112437,28.617270680081948
371,3584,5376,train,65536,10563,54973,6914,1101,1229,1319,0.1611785888671875,0.105499267578125,0.036325905472040176,0.09243461489677429,0.02554468624293804,77.24442448239782,28.617270680081948
372,3584,5632,train,65536,10638,54898,7025,763,2129,721,0.162322998046875,0.1071929931640625,0.04870429262518883,0.11749345809221268,0.03537449985742569,77.26742135367128,28.617270680081948
373,3584,5888,train,65536,7744,57792,3420,617,1352,2355,0.1181640625,0.05218505859375,0.03456488996744156,0.1012629047036171,0.025627501308918,77.29041822494474,28.617270680081948
374,3584,6144,train,65536,8687,56849,3790,1000,2070,1827,0.1325531005859375,0.057830810546875,0.042735107243061066,0.11738188564777374,0.031328458338975906,77.31341509621821,28.617270680081948
375,3840,0,train,65536,10176,55360,5896,316,3771,193,0.1552734375,0.0899658203125,0.028571490198373795,0.06963962316513062,0.021022552624344826,76.76149018565516,28.594273808808488
376,3840,256,train,65536,9500,56036,4732,183,4526,59,0.14495849609375,0.07220458984375,0.03840646520256996,0.1079845279455185,0.02661062590777874,76.78448705692863,28.594273808808488
377,3840,512,train,65536,10339,55197,5459,76,4787,17,0.1577606201171875,0.0832977294921875,0.030334994196891785,0.0741288885474205,0.022131917998194695,76.80748392820209,28.594273808808488
378,3840,768,train,65536,9885,55651,4942,147,4774,22,0.1508331298828125,0.075408935546875,0.030953846871852875,0.0801846832036972,0.022209230810403824,76.83048079947555,28.594273808808488
379,3840,1024,train,65536,11024,54512,6014,1722,3156,132,0.168212890625,0.091766357421875,0.03960646316409111,0.09990787506103516,0.027411669492721558,76.853477670749,28.594273808808488
380,3840,1280,train,65536,8486,57050,5002,263,3058,163,0.129486083984375,0.076324462890625,0.02146255597472191,0.0656294971704483,0.01489286869764328,76.87647454202246,28.594273808808488
381,3840,1536,train,65536,7041,58495,3751,38,3047,205,0.1074371337890625,0.0572357177734375,0.01845717988908291,0.05105266347527504,0.01453368365764618,76.89947141329593,28.594273808808488
382,3840,1792,train,65536,7128,58408,3912,181,2657,378,0.1087646484375,0.0596923828125,0.02624204009771347,0.07642193883657455,0.02011818066239357,76.92246828456939,28.594273808808488
383,3840,2048,train,65536,7021,58515,4045,28,2894,54,0.1071319580078125,0.0617218017578125,0.021187234669923782,0.05220964923501015,0.01746496930718422,76.94546515584284,28.594273808808488
384,3840,2304,train,65536,7876,57660,4488,212,2923,253,0.12017822265625,0.0684814453125,0.01877647265791893,0.04985629767179489,0.014531159773468971,76.9684620271163,28.594273808808488
385,3840,2560,train,65536,7161,58375,3518,577,2254,812,0.1092681884765625,0.053680419921875,0.0232829749584198,0.06670581549406052,0.017956195399165154,76.99145889838977,28.594273808808488
386,3840,2816,train,65536,8203,57333,4191,669,2563,780,0.1251678466796875,0.0639495849609375,0.037611741572618484,0.09007561951875687,0.03010539710521698,77.01445576966323,28.594273808808488
387,3840,3072,train,65536,9790,55746,4059,1200,2648,1883,0.149383544921875,0.0619354248046875,0.037187665700912476,0.09070990979671478,0.027788195759058,77.03745264093668,28.594273808808488
388,3840,3328,train,65536,10102,55434,4334,1746,1861,2161,0.154144287109375,0.066131591796875,0.040098633617162704,0.10352016985416412,0.028541026636958122,77.06044951221014,28.594273808808488
389,3840,3584,train,65536,9476,56060,3445,2026,736,3269,0.14459228515625,0.0525665283203125,0.04348557069897652,0.11053813248872757,0.032151464372873306,77.0834463834836,28.594273808808488
390,3840,3840,train,65536,9453,56083,4501,1037,1909,2006,0.1442413330078125,0.0686798095703125,0.043837688863277435,0.11256503313779831,0.032253436744213104,77.10644325475707,28.594273808808488
391,3840,4096,train,65536,9628,55908,4959,1856,1074,1739,0.14691162109375,0.0756683349609375,0.04569587856531143,0.10800367593765259,0.03496576100587845,77.12944012603053,28.594273808808488
392,3840,4352,train,65536,9812,55724,5347,1784,1246,1435,0.14971923828125,0.0815887451171875,0.038441963493824005,0.09935262054204941,0.027716683223843575,77.15243699730398,28.594273808808488
393,3840,4608,train,65536,9241,56295,5057,1543,976,1665,0.1410064697265625,0.0771636962890625,0.03506048023700714,0.08961646258831024,0.026104947552084923,77.17543386857744,28.594273808808488
394,3840,4864,train,65536,8732,56804,4349,2018,865,1500,0.13323974609375,0.0663604736328125,0.03938079997897148,0.1065714955329895,0.029052143916487694,77.1984307398509,28.594273808808488
395,3840,5120,train,65536,9564,55972,4560,2245,922,1837,0.14593505859375,0.069580078125,0.043158043175935745,0.1084795743227005,0.0319964773952961,77.22142761112437,28.594273808808488
396,3840,5376,train,65536,9400,56136,4902,1235,1439,1824,0.1434326171875,0.074798583984375,0.03555089980363846,0.10037252306938171,0.024696486070752144,77.24442448239782,28.594273808808488
397,3840,5632,train,65536,8930,56606,4634,261,3620,415,0.136260986328125,0.070709228515625,0.045286133885383606,0.0989513173699379,0.03682006895542145,77.26742135367128,28.594273808808488
398,3840,5888,train,65536,11155,54381,7118,436,2721,880,0.1702117919921875,0.108612060546875,0.04235963150858879,0.11289187520742416,0.027891574427485466,77.29041822494474,28.594273808808488
399,3840,6144,train,65536,9765,55771,4782,1141,1587,2255,0.1490020751953125,0.072967529296875,0.042236220091581345,0.09725707769393921,0.032602567225694656,77.31341509621821,28.594273808808488
400,4096,0,train,65536,10044,55492,6054,92,3775,123,0.15325927734375,0.092376708984375,0.03163789212703705,0.07239410281181335,0.024261053651571274,76.76149018565516,28.57127693753503
401,4096,256,train,65536,10415,55121,6334,789,2756,536,0.1589202880859375,0.096649169921875,0.031915683299303055,0.08792643994092941,0.02133256196975708,76.78448705692863,28.57127693753503
402,4096,512,train,65536,8710,56826,4342,108,4186,74,0.132904052734375,0.066253662109375,0.024292124435305595,0.05088766664266586,0.02021569386124611,76.80748392820209,28.57127693753503
403,4096,768,train,65536,9319,56217,5224,164,3816,115,0.1421966552734375,0.0797119140625,0.025437822565436363,0.06920338422060013,0.018182875588536263,76.83048079947555,28.57127693753503
404,4096,1024,train,65536,7922,57614,4257,86,3457,122,0.120880126953125,0.0649566650390625,0.029210982844233513,0.0782712772488594,0.02246512845158577,76.853477670749,28.57127693753503
405,4096,1280,train,65536,6948,58588,3311,86,3348,203,0.10601806640625,0.0505218505859375,0.029129041358828545,0.07546766102313995,0.02363370545208454,76.87647454202246,28.57127693753503
406,4096,1536,train,65536,7015,58521,3772,80,3080,83,0.1070404052734375,0.05755615234375,0.02334054931998253,0.06558268517255783,0.018276916816830635,76.89947141329593,28.57127693753503
407,4096,1792,train,65536,6669,58867,3542,75,2955,97,0.1017608642578125,0.054046630859375,0.02302594482898712,0.07309872657060623,0.01735323667526245,76.92246828456939,28.57127693753503
408,4096,2048,train,65536,8834,56702,4464,20,4341,9,0.134796142578125,0.068115234375,0.02101520635187626,0.05770275369286537,0.015299398452043533,76.94546515584284,28.57127693753503
409,4096,2304,train,65536,10084,55452,4623,7,5449,5,0.15386962890625,0.0705413818359375,0.020295817404985428,0.0561571903526783,0.013774389401078224,76.9684620271163,28.57127693753503
410,4096,2560,train,65536,8722,56814,5581,179,2451,511,0.133087158203125,0.0851593017578125,0.02314004674553871,0.07727345079183578,0.014829566702246666,76.99145889838977,28.57127693753503
411,4096,2816,train,65536,8132,57404,4843,316,2513,460,0.12408447265625,0.0738983154296875,0.02329391799867153,0.06438437104225159,0.01747293956577778,77.01445576966323,28.57127693753503
412,4096,3072,train,65536,9059,56477,4294,809,3527,429,0.1382293701171875,0.065521240234375,0.04253100976347923,0.1141149252653122,0.031048834323883057,77.03745264093668,28.57127693753503
413,4096,3328,train,65536,10062,55474,4360,1631,2888,1183,0.153533935546875,0.0665283203125,0.03778573125600815,0.09543072432279587,0.027329953387379646,77.06044951221014,28.57127693753503
414,4096,3584,train,65536,9900,55636,4988,1518,1265,2129,0.15106201171875,0.07611083984375,0.046850986778736115,0.1208893358707428,0.033676426857709885,77.0834463834836,28.57127693753503
415,4096,3840,train,65536,10336,55200,6199,1583,1090,1464,0.15771484375,0.0945892333984375,0.04022325575351715,0.09864239394664764,0.029284482821822166,77.10644325475707,28.57127693753503
416,4096,4096,train,65536,9401,56135,4753,1356,2172,1120,0.1434478759765625,0.0725250244140625,0.044178303331136703,0.1243983581662178,0.03074374794960022,77.12944012603053,28.57127693753503
417,4096,4352,train,65536,9638,55898,5084,1967,1014,1573,0.147064208984375,0.07757568359375,0.04065592214465141,0.09966521710157394,0.030481470748782158,77.15243699730398,28.57127693753503
418,4096,4608,train,65536,9312,56224,4279,2413,808,1812,0.14208984375,0.0652923583984375,0.04719704017043114,0.11954502016305923,0.03521453216671944,77.17543386857744,28.57127693753503
419,4096,4864,train,65536,9265,56271,4710,2032,791,1732,0.1413726806640625,0.071868896484375,0.03603930026292801,0.11025987565517426,0.023818906396627426,77.1984307398509,28.57127693753503
420,4096,5120,train,65536,9011,56525,4085,1982,1020,1924,0.1374969482421875,0.0623321533203125,0.039301298558712006,0.10046353936195374,0.02955104596912861,77.22142761112437,28.57127693753503
421,4096,5376,train,65536,9609,55927,4319,1888,1063,2339,0.1466217041015625,0.0659027099609375,0.03774344176054001,0.09310808032751083,0.02823105826973915,77.24442448239782,28.57127693753503
422,4096,5632,train,65536,8145,57391,4257,1030,1367,1491,0.1242828369140625,0.0649566650390625,0.04264017567038536,0.11498268693685532,0.03237323835492134,77.26742135367128,28.57127693753503
423,4096,5888,train,65536,11204,54332,7130,854,2084,1136,0.17095947265625,0.108795166015625,0.04955930635333061,0.12479622662067413,0.034044425934553146,77.29041822494474,28.57127693753503
424,4096,6144,train,65536,8652,56884,4431,1734,1509,978,0.13201904296875,0.0676116943359375,0.03454954922199249,0.09399643540382385,0.025507738813757896,77.31341509621821,28.57127693753503
425,4352,0,train,65536,10696,54840,6494,1416,2382,404,0.1632080078125,0.099090576171875,0.038217268884181976,0.095242939889431,0.027094975113868713,76.76149018565516,28.54828006626157
426,4352,256,train,65536,11033,54503,7215,651,3019,148,0.1683502197265625,0.1100921630859375,0.030736487358808517,0.07607241719961166,0.02155916765332222,76.78448705692863,28.54828006626157
427,4352,512,train,65536,11745,53791,6366,367,5007,5,0.1792144775390625,0.097137451171875,0.027097871527075768,0.07372090965509415,0.016917956992983818,76.80748392820209,28.54828006626157
428,4352,768,train,65536,9440,56096,4279,105,5045,11,0.14404296875,0.0652923583984375,0.02989025041460991,0.07582612335681915,0.02216002158820629,76.83048079947555,28.54828006626157
429,4352,1024,train,65536,9368,56168,5670,559,3012,127,0.1429443359375,0.086517333984375,0.0231189988553524,0.06643722206354141,0.015894152224063873,76.853477670749,28.54828006626157
430,4352,1280,train,65536,9651,55885,4648,39,4933,31,0.1472625732421875,0.0709228515625,0.02450329251587391,0.0727953314781189,0.016163552179932594,76.87647454202246,28.54828006626157
431,4352,1536,train,64414,7589,56825,3053,36,4461,39,0.11781600273232527,0.04739652870493992,0.025307191535830498,0.08113519102334976,0.017851341515779495,76.89947141329593,28.54828006626157
432,4352,1792,train,65407,6871,58536,3993,88,2615,175,0.10504991820447353,0.061048511627195864,0.025255704298615456,0.06945418566465378,0.02006765455007553,76.92246828456939,28.54828006626157
433,4352,2048,train,65536,8763,56773,5881,33,2806,43,0.1337127685546875,0.0897369384765625,0.018938248977065086,0.045674536377191544,0.014811462722718716,76.94546515584284,28.54828006626157
434,4352,2304,train,65536,9577,55959,5465,31,3971,110,0.1461334228515625,0.0833892822265625,0.023683011531829834,0.06504372507333755,0.016604408621788025,76.9684620271163,28.54828006626157
435,4352,2560,train,65536,10061,55475,5487,32,4507,35,0.1535186767578125,0.0837249755859375,0.025665197521448135,0.05792064592242241,0.019815318286418915,76.99145889838977,28.54828006626157
436,4352,2816,train,65536,7854,57682,4472,134,2831,417,0.119842529296875,0.0682373046875,0.026506489142775536,0.07039165496826172,0.020531069487333298,77.01445576966323,28.54828006626157
437,4352,3072,train,65536,8424,57112,4437,454,2766,767,0.1285400390625,0.0677032470703125,0.033005241304636,0.08688191324472427,0.025058452039957047,77.03745264093668,28.54828006626157
438,4352,3328,train,65536,9033,56503,4917,938,2315,863,0.1378326416015625,0.0750274658203125,0.040941692888736725,0.10391366481781006,0.03087451308965683,77.06044951221014,28.54828006626157
439,4352,3584,train,65536,8776,56760,5089,990,783,1914,0.1339111328125,0.0776519775390625,0.036653392016887665,0.08898986876010895,0.028561342507600784,77.0834463834836,28.54828006626157
440,4352,3840,train,65536,9634,55902,5328,1406,1315,1585,0.147003173828125,0.081298828125,0.04488995671272278,0.11434170603752136,0.03292082995176315,77.10644325475707,28.54828006626157
441,4352,4096,train,65536,9017,56519,4384,1462,1800,1371,0.1375885009765625,0.06689453125,0.0370493084192276,0.10496579110622406,0.026213958859443665,77.12944012603053,28.54828006626157
442,4352,4352,train,65536,9189,56347,4187,680,3132,1190,0.1402130126953125,0.0638885498046875,0.03667151555418968,0.10758079588413239,0.025107717141509056,77.15243699730398,28.54828006626157
443,4352,4608,train,65536,9236,56300,4398,1456,1088,2294,0.14093017578125,0.067108154296875,0.03857611492276192,0.09716542065143585,0.028964554890990257,77.17543386857744,28.54828006626157
444,4352,4864,train,65536,9106,56430,4157,1901,1048,2000,0.138946533203125,0.0634307861328125,0.04072730988264084,0.11308161914348602,0.029051635414361954,77.1984307398509,28.54828006626157
445,4352,5120,train,65536,9598,55938,4407,2148,1192,1851,0.146453857421875,0.0672454833984375,0.04403236135840416,0.10266018658876419,0.033972833305597305,77.22142761112437,28.54828006626157
446,4352,5376,train,65536,9587,55949,4334,2324,731,2198,0.1462860107421875,0.066131591796875,0.04477939382195473,0.1039125919342041,0.03464677557349205,77.24442448239782,28.54828006626157
447,4352,5632,train,65536,8144,57392,4508,1250,1066,1320,0.124267578125,0.06878662109375,0.032668158411979675,0.0953662320971489,0.023771215230226517,77.26742135367128,28.54828006626157
448,4352,5888,train,65536,9556,55980,5197,786,2883,690,0.14581298828125,0.0792999267578125,0.03497502952814102,0.08438118547201157,0.02654121071100235,77.29041822494474,28.54828006626157
449,4352,6144,train,65536,7228,58308,4025,383,2532,288,0.11029052734375,0.0614166259765625,0.03935123607516289,0.11283838748931885,0.03024158999323845,77.31341509621821,28.54828006626157
450,4608,0,train,65536,10198,55338,6181,533,3186,298,0.155609130859375,0.0943145751953125,0.037886541336774826,0.08282627165317535,0.029604792594909668,76.76149018565516,28.52528319498811
451,4608,256,train,65536,11051,54485,7394,446,3045,166,0.1686248779296875,0.112823486328125,0.04083835706114769,0.10312116891145706,0.028205757960677147,76.78448705692863,28.52528319498811
452,4608,512,train,65536,10409,55127,4285,21,6089,14,0.1588287353515625,0.0653839111328125,0.023802928626537323,0.06398434937000275,0.016215931624174118,76.80748392820209,28.52528319498811
453,4608,768,train,65536,9787,55749,5007,31,4747,2,0.1493377685546875,0.0764007568359375,0.03366110473871231,0.08465714007616043,0.02470850944519043,76.83048079947555,28.52528319498811
454,4608,1024,train,65536,10312,55224,4998,28,5281,5,0.1573486328125,0.076263427734375,0.03951982036232948,0.10210730880498886,0.027832835912704468,76.853477670749,28.52528319498811
455,4608,1280,train,64878,8754,56124,4150,19,4566,19,0.13493017663923054,0.06396621350843121,0.027361096814274788,0.0791182667016983,0.01928821951150894,76.87647454202246,28.52528319498811
456,4608,1536,train,64575,9752,54823,4863,193,4661,35,0.15101819589624468,0.07530778164924506,0.03529399260878563,0.10327322781085968,0.02320174127817154,76.89947141329593,28.52528319498811
457,4608,1792,train,65536,8971,56565,4862,73,3961,75,0.1368865966796875,0.074188232421875,0.030486831441521645,0.08043286949396133,0.02256556786596775,76.92246828456939,28.52528319498811
458,4608,2048,train,65536,8667,56869,2923,8,5726,10,0.1322479248046875,0.0446014404296875,0.026721887290477753,0.0612432062625885,0.02146073989570141,76.94546515584284,28.52528319498811
459,4608,2304,train,65536,10337,55199,6337,57,3854,89,0.1577301025390625,0.0966949462890625,0.03256640210747719,0.0970342680811882,0.0204936396330595,76.9684620271163,28.52528319498811
460,4608,2560,train,65536,9124,56412,4961,69,3979,115,0.13922119140625,0.0756988525390625,0.02649075724184513,0.06537982076406479,0.02020089514553547,76.99145889838977,28.52528319498811
461,4608,2816,train,65536,8906,56630,4524,543,3374,465,0.135894775390625,0.06903076171875,0.03014904260635376,0.07766781002283096,0.022675935178995132,77.01445576966323,28.52528319498811
462,4608,3072,train,65536,8999,56537,4303,1619,2284,793,0.1373138427734375,0.0656585693359375,0.04045984894037247,0.11033537238836288,0.029337748885154724,77.03745264093668,28.52528319498811
463,4608,3328,train,65536,8283,57253,4116,597,2748,822,0.1263885498046875,0.06280517578125,0.031283363699913025,0.07357954233884811,0.025164224207401276,77.06044951221014,28.52528319498811
464,4608,3584,train,65536,8112,57424,4040,997,1709,1366,0.123779296875,0.0616455078125,0.03191586956381798,0.08833502978086472,0.023945819586515427,77.0834463834836,28.52528319498811
465,4608,3840,train,65536,8366,57170,4549,1476,1559,782,0.127655029296875,0.0694122314453125,0.03441433608531952,0.09543094784021378,0.025485442951321602,77.10644325475707,28.52528319498811
466,4608,4096,train,65536,8792,56744,4146,665,2823,1158,0.1341552734375,0.063262939453125,0.035563137382268906,0.09395106136798859,0.02651643007993698,77.12944012603053,28.52528319498811
467,4608,4352,train,65536,9333,56203,4780,1649,1199,1705,0.1424102783203125,0.07293701171875,0.03969816118478775,0.10038783401250839,0.029620109125971794,77.15243699730398,28.52528319498811
468,4608,4608,train,65536,8568,56968,4051,1080,1470,1967,0.1307373046875,0.0618133544921875,0.03752605989575386,0.08628655970096588,0.03019246831536293,77.17543386857744,28.52528319498811
469,4608,4864,train,65536,8290,57246,3915,1523,1090,1762,0.126495361328125,0.0597381591796875,0.040802001953125,0.10580215603113174,0.03138909861445427,77.1984307398509,28.52528319498811
470,4608,5120,train,65536,8875,56661,3906,1838,1159,1972,0.1354217529296875,0.059600830078125,0.03546958789229393,0.0920047014951706,0.02661430835723877,77.22142761112437,28.52528319498811
471,4608,5376,train,65536,9292,56244,4240,1617,1019,2416,0.14178466796875,0.064697265625,0.04040269926190376,0.11185513436794281,0.028598127886652946,77.24442448239782,28.52528319498811
472,4608,5632,train,65536,9947,55589,4570,1367,1763,2247,0.1517791748046875,0.069732666015625,0.04194231331348419,0.10485552996397018,0.030684733763337135,77.26742135367128,28.52528319498811
473,4608,5888,train,65536,8728,56808,4330,1017,1866,1515,0.1331787109375,0.066070556640625,0.036875855177640915,0.09447088837623596,0.028026936575770378,77.29041822494474,28.52528319498811
474,4608,6144,train,65536,9905,55631,5255,1363,2708,579,0.1511383056640625,0.0801849365234375,0.039907969534397125,0.10018101334571838,0.029176466166973114,77.31341509621821,28.52528319498811
475,4864,0,train,65536,9671,55865,6307,206,3065,93,0.1475677490234375,0.0962371826171875,0.02533522993326187,0.0694982185959816,0.017690010368824005,76.76149018565516,28.50228632371465
476,4864,256,train,65536,10626,54910,6408,580,3525,113,0.162139892578125,0.0977783203125,0.03691433370113373,0.08756846934556961,0.027111908420920372,76.78448705692863,28.50228632371465
477,4864,512,train,65536,8908,56628,5121,3,3721,63,0.13592529296875,0.0781402587890625,0.026567252352833748,0.07540576159954071,0.018884597346186638,76.80748392820209,28.50228632371465
478,4864,768,train,65536,10131,55405,5831,138,4108,54,0.1545867919921875,0.0889739990234375,0.032263655215501785,0.08437200635671616,0.022735457867383957,76.83048079947555,28.50228632371465
479,4864,1024,train,65536,10010,55526,5413,233,4361,3,0.152740478515625,0.0825958251953125,0.026240233331918716,0.07103222608566284,0.018165314570069313,76.853477670749,28.50228632371465
480,4864,1280,train,65536,9790,55746,5023,699,3872,196,0.149383544921875,0.0766448974609375,0.033182136714458466,0.0960831418633461,0.02213558740913868,76.87647454202246,28.50228632371465
481,4864,1536,train,65536,9403,56133,5183,24,4159,37,0.1434783935546875,0.0790863037109375,0.026881791651248932,0.0739230066537857,0.019001787528395653,76.89947141329593,28.50228632371465
482,4864,1792,train,65536,6766,58770,3845,563,2295,63,0.103240966796875,0.0586700439453125,0.044925838708877563,0.10593296587467194,0.037902284413576126,76.92246828456939,28.50228632371465
483,4864,2048,train,65536,8985,56551,4670,252,3713,350,0.1371002197265625,0.071258544921875,0.04174100607633591,0.10354387015104294,0.03192157298326492,76.94546515584284,28.50228632371465
484,4864,2304,train,65536,8914,56622,4944,236,3431,303,0.136016845703125,0.075439453125,0.036791764199733734,0.09800315648317337,0.027155257761478424,76.9684620271163,28.50228632371465
485,4864,2560,train,65536,8706,56830,4819,963,2332,592,0.132843017578125,0.0735321044921875,0.03618153557181358,0.09128370881080627,0.027740225195884705,76.99145889838977,28.50228632371465
486,4864,2816,train,65536,8990,56546,3753,1194,2532,1511,0.137176513671875,0.0572662353515625,0.042186230421066284,0.11476688086986542,0.030646951869130135,77.01445576966323,28.50228632371465
487,4864,3072,train,65536,8125,57411,3618,1271,1567,1669,0.1239776611328125,0.055206298828125,0.03576032072305679,0.09932891279459,0.026763878762722015,77.03745264093668,28.50228632371465
488,4864,3328,train,65536,7809,57727,4063,979,1338,1429,0.1191558837890625,0.0619964599609375,0.033664342015981674,0.09211574494838715,0.02575734816491604,77.06044951221014,28.50228632371465
489,4864,3584,train,65536,9604,55932,4553,1730,1070,2251,0.14654541015625,0.0694732666015625,0.04018370807170868,0.09858079999685287,0.030156433582305908,77.0834463834836,28.50228632371465
490,4864,3840,train,65536,8607,56929,4086,929,2508,1084,0.1313323974609375,0.062347412109375,0.03047235496342182,0.08125224709510803,0.02279502898454666,77.10644325475707,28.50228632371465
491,4864,4096,train,65536,8001,57535,3678,873,2097,1353,0.1220855712890625,0.056121826171875,0.03548584505915642,0.0946434810757637,0.02725919894874096,77.12944012603053,28.50228632371465
492,4864,4352,train,65536,8477,57059,4585,753,2199,940,0.1293487548828125,0.0699615478515625,0.04036261886358261,0.0986236110329628,0.0317070446908474,77.15243699730398,28.50228632371465
493,4864,4608,train,65536,9307,56229,4556,1417,1519,1815,0.1420135498046875,0.06951904296875,0.03271758556365967,0.0819864347577095,0.02456262893974781,77.17543386857744,28.50228632371465
494,4864,4864,train,65536,9434,56102,4817,1434,1471,1712,0.143951416015625,0.0735015869140625,0.03283357620239258,0.08368482440710068,0.024282528087496758,77.1984307398509,28.50228632371465
495,4864,5120,train,65536,9028,56508,4571,1438,1144,1875,0.13775634765625,0.0697479248046875,0.036574725061655045,0.09526220709085464,0.027198517695069313,77.22142761112437,28.50228632371465
496,4864,5376,train,65536,9835,55701,3931,1788,1141,2975,0.1500701904296875,0.0599822998046875,0.04747096821665764,0.1181492954492569,0.03499146178364754,77.24442448239782,28.50228632371465
497,4864,5632,train,65536,9937,55599,4978,594,2919,1446,0.1516265869140625,0.075958251953125,0.03944196179509163,0.09758152067661285,0.02905089221894741,77.26742135367128,28.50228632371465
498,4864,5888,train,65536,9563,55973,4216,1340,2076,1931,0.1459197998046875,0.0643310546875,0.04593125730752945,0.11570372432470322,0.0340106226503849,77.29041822494474,28.50228632371465
499,4864,6144,train,65536,9325,56211,4689,833,2436,1367,0.1422882080078125,0.0715484619140625,0.04323723167181015,0.1204187422990799,0.030433377251029015,77.31341509621821,28.50228632371465
500,5120,0,train,65536,9294,56242,5436,90,3238,530,0.141815185546875,0.08294677734375,0.02648455835878849,0.07480272650718689,0.01849997229874134,76.76149018565516,28.47928945244119
501,5120,256,train,65536,8428,57108,5459,67,2700,202,0.12860107421875,0.0832977294921875,0.021234745159745216,0.05248760059475899,0.016622448340058327,76.78448705692863,28.47928945244119
502,5120,512,train,65536,9533,56003,5891,77,3504,61,0.1454620361328125,0.0898895263671875,0.021741099655628204,0.060202524065971375,0.015194079838693142,76.80748392820209,28.47928945244119
503,5120,768,train,65536,11023,54513,7258,35,3645,85,0.1681976318359375,0.110748291015625,0.021734286099672318,0.050916582345962524,0.015833372250199318,76.83048079947555,28.47928945244119
504,5120,1024,train,65536,11382,54154,6347,3116,1807,112,0.173675537109375,0.0968475341796875,0.03772471100091934,0.09336549043655396,0.026030227541923523,76.853477670749,28.47928945244119
505,5120,1280,train,65536,10491,55045,7195,280,2871,145,0.1600799560546875,0.1097869873046875,0.03490612655878067,0.08337841928005219,0.025667818263173103,76.87647454202246,28.47928945244119
506,5120,1536,train,65536,8782,56754,5090,142,3432,118,0.134002685546875,0.077667236328125,0.022741306573152542,0.06140444427728653,0.016758648678660393,76.89947141329593,28.47928945244119
507,5120,1792,train,65536,9465,56071,4707,741,3843,174,0.1444244384765625,0.0718231201171875,0.03431411460042,0.09313348680734634,0.024385178461670876,76.92246828456939,28.47928945244119
508,5120,2048,train,65536,10316,55220,5364,1127,3665,160,0.15740966796875,0.08184814453125,0.032582350075244904,0.08884753286838531,0.022071097046136856,76.94546515584284,28.47928945244119
509,5120,2304,train,65536,9516,56020,5069,390,3620,437,0.14520263671875,0.0773468017578125,0.03844828903675079,0.09215646237134933,0.02932499162852764,76.9684620271163,28.47928945244119
510,5120,2560,train,65536,8770,56766,5310,450,2203,807,0.133819580078125,0.081024169921875,0.03543412685394287,0.08081503212451935,0.02842305414378643,76.99145889838977,28.47928945244119
511,5120,2816,train,65536,9269,56267,4180,1663,1350,2076,0.1414337158203125,0.06378173828125,0.04359742999076843,0.09990090131759644,0.03432242572307587,77.01445576966323,28.47928945244119
512,5120,3072,train,65536,8743,56793,4306,1469,1058,1910,0.1334075927734375,0.065704345703125,0.04359227418899536,0.11619692295789719,0.032415151596069336,77.03745264093668,28.47928945244119
513,5120,3328,train,65536,8452,57084,4287,1617,1048,1500,0.12896728515625,0.0654144287109375,0.04194936156272888,0.10262835770845413,0.032965078949928284,77.06044951221014,28.47928945244119
514,5120,3584,train,65536,10184,55352,4371,2359,1309,2145,0.1553955078125,0.0666961669921875,0.039792418479919434,0.09434428066015244,0.02975563518702984,77.0834463834836,28.47928945244119
515,5120,3840,train,65536,9780,55756,5126,1027,1583,2044,0.14923095703125,0.078216552734375,0.03699645400047302,0.09187763929367065,0.027369901537895203,77.10644325475707,28.47928945244119
516,5120,4096,train,65536,8427,57109,4192,865,1694,1676,0.1285858154296875,0.06396484375,0.033559683710336685,0.08955217152833939,0.025297436863183975,77.12944012603053,28.47928945244119
517,5120,4352,train,65536,8116,57420,4513,716,2396,491,0.12384033203125,0.0688629150390625,0.034298889338970184,0.0948740616440773,0.02573692612349987,77.15243699730398,28.47928945244119
518,5120,4608,train,65536,8305,57231,4129,1054,2341,781,0.1267242431640625,0.0630035400390625,0.03323299437761307,0.09257517755031586,0.024621635675430298,77.17543386857744,28.47928945244119
519,5120,4864,train,65536,7880,57656,3488,861,2581,950,0.1202392578125,0.05322265625,0.030729427933692932,0.08143489807844162,0.02379937656223774,77.1984307398509,28.47928945244119
520,5120,5120,train,65536,9232,56304,4682,529,2386,1635,0.140869140625,0.071441650390625,0.03555046766996384,0.09035969525575638,0.026563558727502823,77.22142761112437,28.47928945244119
521,5120,5376,train,65536,9525,56011,4890,488,1957,2190,0.1453399658203125,0.074615478515625,0.038206882774829865,0.09360203891992569,0.02878660522401333,77.24442448239782,28.47928945244119
522,5120,5632,train,65536,8164,57372,4101,240,3034,789,0.12457275390625,0.0625762939453125,0.03406184911727905,0.09999310970306396,0.024679873138666153,77.26742135367128,28.47928945244119
523,5120,5888,train,65536,8742,56794,4068,1769,1726,1179,0.133392333984375,0.06207275390625,0.046084921807050705,0.11676627397537231,0.03520531579852104,77.29041822494474,28.47928945244119
524,5120,6144,train,65536,8853,56683,4223,1307,1694,1629,0.1350860595703125,0.0644378662109375,0.04101838544011116,0.1054188534617424,0.03096003830432892,77.31341509621821,28.47928945244119
525,5376,0,train,65536,6946,58590,4027,125,2390,404,0.105987548828125,0.0614471435546875,0.026085997000336647,0.058772843331098557,0.022210881114006042,76.76149018565516,28.45629258116773
526,5376,256,train,65536,7359,58177,4379,51,2635,294,0.1122894287109375,0.0668182373046875,0.021524233743548393,0.06919882446527481,0.015493719838559628,76.78448705692863,28.45629258116773
527,5376,512,train,65536,8493,57043,5298,80,3066,49,0.1295928955078125,0.080841064453125,0.017735224217176437,0.04496989771723747,0.013680316507816315,76.80748392820209,28.45629258116773
528,5376,768,train,65536,10116,55420,6619,288,2863,346,0.15435791015625,0.1009979248046875,0.02653542533516884,0.066435806453228,0.019252272322773933,76.83048079947555,28.45629258116773
529,5376,1024,train,65536,10171,55365,6159,360,3625,27,0.1551971435546875,0.0939788818359375,0.022070011124014854,0.05519428849220276,0.01598481275141239,76.853477670749,28.45629258116773
530,5376,1280,train,65536,7910,57626,4732,63,2917,198,0.120697021484375,0.07220458984375,0.02359752729535103,0.06755305081605911,0.017563994973897934,76.87647454202246,28.45629258116773
531,5376,1536,train,65536,8836,56700,5063,48,3639,86,0.13482666015625,0.0772552490234375,0.02837134338915348,0.06937163323163986,0.021981948986649513,76.89947141329593,28.45629258116773
532,5376,1792,train,65536,9845,55691,5833,53,3916,43,0.1502227783203125,0.0890045166015625,0.021656015887856483,0.06678859144449234,0.013677524402737617,76.92246828456939,28.45629258116773
533,5376,2048,train,65536,9676,55860,6608,82,2798,188,0.14764404296875,0.100830078125,0.020847614854574203,0.052937641739845276,0.015289021655917168,76.94546515584284,28.45629258116773
534,5376,2304,train,65536,7461,58075,4349,470,2237,405,0.1138458251953125,0.0663604736328125,0.031511686742305756,0.07108206301927567,0.02642800845205784,76.9684620271163,28.45629258116773
535,5376,2560,train,65536,9297,56239,4003,1006,2552,1736,0.1418609619140625,0.0610809326171875,0.04295936971902847,0.09064726531505585,0.035075969994068146,76.99145889838977,28.45629258116773
536,5376,2816,train,65536,9908,55628,3879,1532,1494,3003,0.15118408203125,0.0591888427734375,0.0455174446105957,0.12059342861175537,0.032145533710718155,77.01445576966323,28.45629258116773
537,5376,3072,train,65536,8910,56626,4006,1766,1261,1877,0.135955810546875,0.061126708984375,0.04468124359846115,0.11687967926263809,0.03332094848155975,77.03745264093668,28.45629258116773
538,5376,3328,train,65536,10068,55468,4253,2276,1389,2150,0.15362548828125,0.0648956298828125,0.04562510922551155,0.10534460842609406,0.034785423427820206,77.06044951221014,28.45629258116773
539,5376,3584,train,65536,10054,55482,4213,2450,1576,1815,0.153411865234375,0.0642852783203125,0.03887719288468361,0.09632081538438797,0.028467722237110138,77.0834463834836,28.45629258116773
540,5376,3840,train,65536,10007,55529,5228,1009,2474,1296,0.1526947021484375,0.07977294921875,0.041542477905750275,0.09878429025411606,0.031226808205246925,77.10644325475707,28.45629258116773
541,5376,4096,train,65536,10250,55286,5306,503,2927,1514,0.156402587890625,0.080963134765625,0.03939172253012657,0.09499405324459076,0.029083071276545525,77.12944012603053,28.45629258116773
542,5376,4352,train,65536,8543,56993,3596,736,2880,1331,0.1303558349609375,0.05487060546875,0.035867199301719666,0.09015432000160217,0.02772979810833931,77.15243699730398,28.45629258116773
543,5376,4608,train,65536,8479,57057,4288,862,2363,966,0.1293792724609375,0.0654296875,0.02868625894188881,0.07645300775766373,0.02158784307539463,77.17543386857744,28.45629258116773
544,5376,4864,train,65536,8243,57293,3957,1506,1785,995,0.1257781982421875,0.0603790283203125,0.03802734613418579,0.08400344103574753,0.03141256049275398,77.1984307398509,28.45629258116773
545,5376,5120,train,65536,9761,55775,5361,316,3042,1042,0.1489410400390625,0.0818023681640625,0.03294990956783295,0.08565583825111389,0.02372601628303528,77.22142761112437,28.45629258116773
546,5376,5376,train,65536,8707,56829,4039,599,2440,1629,0.1328582763671875,0.0616302490234375,0.03998999670147896,0.10768977552652359,0.029617441818118095,77.24442448239782,28.45629258116773
547,5376,5632,train,65536,7989,57547,3942,815,1877,1355,0.1219024658203125,0.060150146484375,0.040188148617744446,0.13243836164474487,0.027381448075175285,77.26742135367128,28.45629258116773
548,5376,5888,train,65536,9934,55602,4819,1632,2115,1368,0.151580810546875,0.0735321044921875,0.0377868190407753,0.09313759952783585,0.027897700667381287,77.29041822494474,28.45629258116773
549,5376,6144,train,65536,9236,56300,4318,1209,2510,1199,0.14093017578125,0.065887451171875,0.0417960025370121,0.10241421312093735,0.03185160458087921,77.31341509621821,28.45629258116773
550,5632,0,train,65536,5838,59698,3253,91,2069,425,0.089080810546875,0.0496368408203125,0.02183106727898121,0.06009254232048988,0.01808939129114151,76.76149018565516,28.43329570989427
551,5632,256,train,65536,6007,59529,3212,121,2365,309,0.0916595458984375,0.04901123046875,0.020711230114102364,0.058822643011808395,0.016865450888872147,76.78448705692863,28.43329570989427
552,5632,512,train,65536,7158,58378,3965,98,2722,373,0.109222412109375,0.0605010986328125,0.0198750551789999,0.06250973045825958,0.014647419564425945,76.80748392820209,28.43329570989427
553,5632,768,train,65536,9490,56046,5095,56,4313,26,0.144805908203125,0.0777435302734375,0.024097243323922157,0.06022438034415245,0.01798000931739807,76.83048079947555,28.43329570989427
554,5632,1024,train,65536,9169,56367,5483,27,3643,16,0.1399078369140625,0.0836639404296875,0.0175811555236578,0.04131711274385452,0.013720120303332806,76.853477670749,28.43329570989427
555,5632,1280,train,65536,8359,57177,5500,84,2611,164,0.1275482177734375,0.08392333984375,0.017688168212771416,0.047701478004455566,0.013300368562340736,76.87647454202246,28.43329570989427
556,5632,1536,train,65536,10045,55491,6541,28,3418,58,0.1532745361328125,0.0998077392578125,0.018071161583065987,0.04402624070644379,0.013372763991355896,76.89947141329593,28.43329570989427
557,5632,1792,train,65536,8789,56747,5518,198,2850,223,0.1341094970703125,0.084197998046875,0.021351490169763565,0.055772002786397934,0.016020428389310837,76.92246828456939,28.43329570989427
558,5632,2048,train,65536,8315,57221,4705,503,2489,618,0.1268768310546875,0.0717926025390625,0.029614079743623734,0.07069139182567596,0.023644981905817986,76.94546515584284,28.43329570989427
559,5632,2304,train,65536,8597,56939,5304,590,2188,515,0.1311798095703125,0.0809326171875,0.0373283289372921,0.09072175621986389,0.029266659170389175,76.9684620271163,28.43329570989427
560,5632,2560,train,65536,8528,57008,3919,1271,1709,1629,0.130126953125,0.0597991943359375,0.04649164527654648,0.115207239985466,0.036212265491485596,76.99145889838977,28.43329570989427
561,5632,2816,train,65536,8893,56643,4223,1187,1867,1616,0.1356964111328125,0.0644378662109375,0.03744714707136154,0.09534558653831482,0.028357041999697685,77.01445576966323,28.43329570989427
562,5632,3072,train,65536,9398,56138,4180,1861,1586,1771,0.143402099609375,0.06378173828125,0.043669987469911575,0.11497630923986435,0.031732674688100815,77.03745264093668,28.43329570989427
563,5632,3328,train,65536,10392,55144,4060,2675,1284,2373,0.1585693359375,0.06195068359375,0.04306216537952423,0.10339625924825668,0.031692080199718475,77.06044951221014,28.43329570989427
564,5632,3584,train,65536,9948,55588,4400,2191,1322,2035,0.15179443359375,0.067138671875,0.04502427577972412,0.1158030703663826,0.03235773742198944,77.0834463834836,28.43329570989427
565,5632,3840,train,65536,10255,55281,4739,2149,1698,1669,0.1564788818359375,0.0723114013671875,0.0425063855946064,0.11170603334903717,0.0296693816781044,77.10644325475707,28.43329570989427
566,5632,4096,train,65536,7703,57833,3876,494,2482,851,0.1175384521484375,0.05914306640625,0.03652980923652649,0.09387018531560898,0.028892425820231438,77.12944012603053,28.43329570989427
567,5632,4352,train,65536,7511,58025,3650,729,2292,840,0.1146087646484375,0.055694580078125,0.027919135987758636,0.07899507135152817,0.021307652816176414,77.15243699730398,28.43329570989427
568,5632,4608,train,65536,7406,58130,4105,617,1800,884,0.113006591796875,0.0626373291015625,0.03161389008164406,0.08137161284685135,0.025274554267525673,77.17543386857744,28.43329570989427
569,5632,4864,train,65536,8348,57188,4411,703,2302,932,0.12738037109375,0.0673065185546875,0.03726944699883461,0.1000024750828743,0.02811201475560665,77.1984307398509,28.43329570989427
570,5632,5120,train,65536,9819,55717,4926,445,2612,1836,0.1498260498046875,0.075164794921875,0.042627040296792984,0.10915609449148178,0.03090263344347477,77.22142761112437,28.43329570989427
571,5632,5376,train,65536,8684,56852,4313,452,2198,1721,0.13250732421875,0.0658111572265625,0.037506550550460815,0.09289234131574631,0.02904651314020157,77.24442448239782,28.43329570989427
572,5632,5632,train,65536,8958,56578,4515,881,1551,2011,0.136688232421875,0.0688934326171875,0.04742076247930527,0.13124535977840424,0.03414880484342575,77.26742135367128,28.43329570989427
573,5632,5888,train,65536,9864,55672,4761,1297,2040,1766,0.1505126953125,0.0726470947265625,0.03786814957857132,0.09129531681537628,0.028401890769600868,77.29041822494474,28.43329570989427
574,5632,6144,train,65536,9449,56087,4356,1630,1852,1611,0.1441802978515625,0.06646728515625,0.042161326855421066,0.1156456470489502,0.029781393706798553,77.31341509621821,28.43329570989427
575,5888,0,train,65536,5818,59718,2572,460,1833,953,0.088775634765625,0.03924560546875,0.024814782664179802,0.08349999785423279,0.019097402691841125,76.76149018565516,28.41029883862081
576,5888,256,train,65536,6687,58849,3420,37,3101,129,0.1020355224609375,0.05218505859375,0.0218439269810915,0.05142746493220329,0.018482355400919914,76.78448705692863,28.41029883862081
577,5888,512,train,65536,8339,57197,4301,30,3707,301,0.1272430419921875,0.0656280517578125,0.02794862911105156,0.07474754750728607,0.021125612780451775,76.80748392820209,28.41029883862081
578,5888,768,train,65536,8709,56827,4750,8,3868,83,0.1328887939453125,0.072479248046875,0.024282794445753098,0.06675098091363907,0.017774350941181183,76.83048079947555,28.41029883862081
579,5888,1024,train,65536,7702,57834,4453,180,2937,132,0.117523193359375,0.0679473876953125,0.02053728699684143,0.056772638112306595,0.015711672604084015,76.853477670749,28.41029883862081
580,5888,1280,train,65536,9417,56119,6433,116,2810,58,0.1436920166015625,0.0981597900390625,0.021665694192051888,0.05844524875283241,0.015493934974074364,76.87647454202246,28.41029883862081
581,5888,1536,train,65536,9398,56138,6763,474,1616,545,0.143402099609375,0.1031951904296875,0.03292009234428406,0.06686419248580933,0.027237551286816597,76.89947141329593,28.41029883862081
582,5888,1792,train,65536,8440,57096,5150,753,2071,466,0.1287841796875,0.078582763671875,0.030477222055196762,0.07339389622211456,0.024133225902915,76.92246828456939,28.41029883862081
583,5888,2048,train,65536,8007,57529,4878,933,1516,680,0.1221771240234375,0.074432373046875,0.030774859711527824,0.08337157964706421,0.023454343900084496,76.94546515584284,28.41029883862081
584,5888,2304,train,65536,8948,56588,5133,874,2357,584,0.13653564453125,0.0783233642578125,0.02960928902029991,0.07502835988998413,0.022427378222346306,76.9684620271163,28.41029883862081
585,5888,2560,train,65536,7696,57840,3829,688,2473,706,0.117431640625,0.0584259033203125,0.03460622578859329,0.09521185606718063,0.026542244479060173,76.99145889838977,28.41029883862081
586,5888,2816,train,65536,7855,57681,4026,976,2120,733,0.1198577880859375,0.061431884765625,0.031223271042108536,0.07317661494016647,0.02551005780696869,77.01445576966323,28.41029883862081
587,5888,3072,train,65536,9546,55990,4072,1505,2289,1680,0.145660400390625,0.0621337890625,0.03934875875711441,0.09044242650270462,0.030637560412287712,77.03745264093668,28.41029883862081
588,5888,3328,train,65536,8154,57382,3120,1409,2040,1585,0.124420166015625,0.047607421875,0.035588931292295456,0.09709947556257248,0.026848262175917625,77.06044951221014,28.41029883862081
589,5888,3584,train,65536,9100,56436,4140,1450,2114,1396,0.13885498046875,0.06317138671875,0.04485957697033882,0.11030536890029907,0.03430679813027382,77.0834463834836,28.41029883862081
590,5888,3840,train,65536,9892,55644,4763,1334,2228,1567,0.15093994140625,0.0726776123046875,0.04228450357913971,0.10282856971025467,0.03152140602469444,77.10644325475707,28.41029883862081
591,5888,4096,train,65536,7815,57721,4198,371,2941,305,0.1192474365234375,0.064056396484375,0.024731619283556938,0.06200643256306648,0.019684884697198868,77.12944012603053,28.41029883862081
592,5888,4352,train,65536,7213,58323,3380,781,2132,920,0.1100616455078125,0.05157470703125,0.041111551225185394,0.08260171115398407,0.03598032519221306,77.15243699730398,28.41029883862081
593,5888,4608,train,65536,9715,55821,5611,457,2237,1410,0.1482391357421875,0.0856170654296875,0.03788566216826439,0.08896338939666748,0.028996175155043602,77.17543386857744,28.41029883862081
594,5888,4864,train,65536,8330,57206,3399,712,2308,1911,0.127105712890625,0.0518646240234375,0.047475073486566544,0.11287948489189148,0.0379512719810009,77.1984307398509,28.41029883862081
595,5888,5120,train,65536,9097,56439,4415,1211,2056,1415,0.1388092041015625,0.0673675537109375,0.030175546184182167,0.07509283721446991,0.022935651242733,77.22142761112437,28.41029883862081
596,5888,5376,train,65536,9566,55970,5098,692,2752,1024,0.145965576171875,0.077789306640625,0.04334229975938797,0.1129266545176506,0.03144943341612816,77.24442448239782,28.41029883862081
597,5888,5632,train,65536,9325,56211,5107,781,2429,1008,0.1422882080078125,0.0779266357421875,0.0365397110581398,0.09816708415746689,0.026316171512007713,77.26742135367128,28.41029883862081
598,5888,5888,train,65536,9714,55822,4203,1404,2073,2034,0.148223876953125,0.0641326904296875,0.04888012260198593,0.10669825226068497,0.03881876543164253,77.29041822494474,28.41029883862081
599,5888,6144,train,65536,9190,56346,4145,1766,1346,1933,0.140228271484375,0.0632476806640625,0.04457781836390495,0.11721540987491608,0.03273067623376846,77.31341509621821,28.41029883862081
600,6144,0,train,65536,5688,59848,3005,171,1884,628,0.0867919921875,0.0458526611328125,0.03494739532470703,0.0921901986002922,0.029506992548704147,76.76149018565516,28.38730196734735
601,6144,256,train,65536,6539,58997,3262,87,2725,465,0.0997772216796875,0.049774169921875,0.023852286860346794,0.06997819244861603,0.018739869818091393,76.78448705692863,28.38730196734735
602,6144,512,train,65536,8579,56957,4835,7,3684,53,0.1309051513671875,0.0737762451171875,0.021263496950268745,0.05974408984184265,0.015467457473278046,76.80748392820209,28.38730196734735
603,6144,768,train,65536,7725,57811,4433,127,3082,83,0.1178741455078125,0.0676422119140625,0.019389072433114052,0.050421830266714096,0.015242315828800201,76.83048079947555,28.38730196734735
604,6144,1024,train,65536,8131,57405,4798,371,2781,181,0.1240692138671875,0.073211669921875,0.019198285415768623,0.06097554787993431,0.013280841521918774,76.853477670749,28.38730196734735
605,6144,1280,train,65536,9660,55876,6168,866,2110,516,0.14739990234375,0.0941162109375,0.027417682111263275,0.07047724723815918,0.019973423331975937,76.87647454202246,28.38730196734735
606,6144,1536,train,65536,8237,57299,4838,840,1853,706,0.1256866455078125,0.073822021484375,0.02835956960916519,0.07785488665103912,0.021244384348392487,76.89947141329593,28.38730196734735
607,6144,1792,train,65536,8623,56913,5177,671,2069,706,0.1315765380859375,0.0789947509765625,0.02930567041039467,0.06951313465833664,0.023213760927319527,76.92246828456939,28.38730196734735
608,6144,2048,train,65536,6898,58638,3721,510,2262,405,0.105255126953125,0.0567779541015625,0.02243971824645996,0.07833912968635559,0.015863874927163124,76.94546515584284,28.38730196734735
609,6144,2304,train,65536,7946,57590,4341,560,2282,763,0.121246337890625,0.0662384033203125,0.028100941330194473,0.0693134292960167,0.02241463214159012,76.9684620271163,28.38730196734735
610,6144,2560,train,65536,7836,57700,4420,666,2525,225,0.11956787109375,0.06744384765625,0.026111558079719543,0.06565225124359131,0.020741699263453484,76.99145889838977,28.38730196734735
611,6144,2816,train,65536,8729,56807,4662,804,2727,536,0.1331939697265625,0.071136474609375,0.03311191499233246,0.07169415801763535,0.027183346450328827,77.01445576966323,28.38730196734735
612,6144,3072,train,65536,8367,57169,4330,602,2858,577,0.1276702880859375,0.066070556640625,0.03019212745130062,0.0701548233628273,0.02434336394071579,77.03745264093668,28.38730196734735
613,6144,3328,train,65536,8078,57458,3833,599,2633,1013,0.123260498046875,0.0584869384765625,0.03314977139234543,0.0905831977725029,0.02507522888481617,77.06044951221014,28.38730196734735
614,6144,3584,train,65536,8840,56696,5313,761,2155,611,0.1348876953125,0.0810699462890625,0.0268123559653759,0.06787669658660889,0.020409634336829185,77.0834463834836,28.38730196734735
615,6144,3840,train,65536,6862,58674,3591,626,1727,918,0.104705810546875,0.0547943115234375,0.02989339642226696,0.08377426862716675,0.023591957986354828,77.10644325475707,28.38730196734735
616,6144,4096,train,65536,8969,56567,4219,342,2114,2294,0.1368560791015625,0.0643768310546875,0.04479599744081497,0.10477103292942047,0.03528663516044617,77.12944012603053,28.38730196734735
617,6144,4352,train,65536,7383,58153,3288,622,1126,2347,0.1126556396484375,0.0501708984375,0.04142756387591362,0.11636227369308472,0.03191399201750755,77.15243699730398,28.38730196734735
618,6144,4608,train,65536,9906,55630,4196,1885,1762,2063,0.151153564453125,0.06402587890625,0.04602261260151863,0.1086459755897522,0.03487130627036095,77.17543386857744,28.38730196734735
619,6144,4864,train,65536,8893,56643,4623,1758,1193,1319,0.1356964111328125,0.0705413818359375,0.043564509600400925,0.10874923318624496,0.03333045542240143,77.1984307398509,28.38730196734735
620,6144,5120,train,65536,7815,57721,3138,1246,2240,1191,0.1192474365234375,0.047882080078125,0.040019698441028595,0.10455311834812164,0.031282342970371246,77.22142761112437,28.38730196734735
621,6144,5376,train,65536,7707,57829,3933,805,2000,969,0.1175994873046875,0.0600128173828125,0.02978404611349106,0.07970733195543289,0.023130659013986588,77.24442448239782,28.38730196734735
622,6144,5632,train,65536,7962,57574,3814,921,1958,1269,0.121490478515625,0.058197021484375,0.03400171548128128,0.09285222738981247,0.025863181799650192,77.26742135367128,28.38730196734735
623,6144,5888,train,65536,8855,56681,3777,1165,1910,2003,0.1351165771484375,0.0576324462890625,0.04004834592342377,0.10659808665513992,0.02965160459280014,77.29041822494474,28.38730196734735
624,6144,6144,train,65536,9201,56335,4278,1506,1726,1691,0.1403961181640625,0.065277099609375,0.03944575786590576,0.10430662333965302,0.02885225974023342,77.31341509621821,28.38730196734735
625,6400,0,train,65536,6727,58809,3382,152,2648,545,0.1026458740234375,0.051605224609375,0.02136584371328354,0.05911413952708244,0.01704791933298111,76.76149018565516,28.364305096073892
626,6400,256,train,65536,7005,58531,3358,98,2616,933,0.1068878173828125,0.051239013671875,0.026853244751691818,0.07047298550605774,0.02163282409310341,76.78448705692863,28.364305096073892
627,6400,512,train,65536,7541,57995,4188,91,3087,175,0.1150665283203125,0.06390380859375,0.022989414632320404,0.057498566806316376,0.018502241000533104,76.80748392820209,28.364305096073892
628,6400,768,train,65536,6850,58686,4303,119,2215,213,0.104522705078125,0.0656585693359375,0.020182767882943153,0.05962175875902176,0.015579337254166603,76.83048079947555,28.364305096073892
629,6400,1024,train,65536,6734,58802,3701,59,2812,162,0.102752685546875,0.0564727783203125,0.017702987417578697,0.051017168909311295,0.01388784870505333,76.853477670749,28.364305096073892
630,6400,1280,train,65536,6970,58566,3539,1361,1912,158,0.106353759765625,0.0540008544921875,0.026354901492595673,0.09145522117614746,0.0186072438955307,76.87647454202246,28.364305096073892
631,6400,1536,train,65536,7805,57731,3618,1203,1928,1056,0.1190948486328125,0.055206298828125,0.030334658920764923,0.09402810037136078,0.021723559126257896,76.89947141329593,28.364305096073892
632,6400,1792,train,65536,7728,57808,3883,996,1617,1232,0.117919921875,0.0592498779296875,0.03847024217247963,0.11881198734045029,0.02772984467446804,76.92246828456939,28.364305096073892
633,6400,2048,train,65536,6915,58621,3208,635,2049,1023,0.1055145263671875,0.0489501953125,0.03652619943022728,0.12292014062404633,0.02633507177233696,76.94546515584284,28.364305096073892
634,6400,2304,train,65536,9575,55961,6047,682,2514,332,0.1461029052734375,0.0922698974609375,0.02681177482008934,0.07039301842451096,0.019354967400431633,76.9684620271163,28.364305096073892
635,6400,2560,train,65536,6336,59200,3251,455,2064,566,0.0966796875,0.0496063232421875,0.024069221690297127,0.07272636890411377,0.018861591815948486,76.99145889838977,28.364305096073892
636,6400,2816,train,65536,9798,55738,6489,27,3169,113,0.149505615234375,0.0990142822265625,0.028292356058955193,0.06807702034711838,0.021298741921782494,77.01445576966323,28.364305096073892
637,6400,3072,train,65536,8269,57267,4919,159,2722,469,0.1261749267578125,0.0750579833984375,0.026619702577590942,0.07806142419576645,0.019191838800907135,77.03745264093668,28.364305096073892
638,6400,3328,train,65536,7565,57971,4560,481,1885,639,0.1154327392578125,0.069580078125,0.03130272775888443,0.07258392870426178,0.025915682315826416,77.06044951221014,28.364305096073892
639,6400,3584,train,65536,8094,57442,4630,477,2467,520,0.123504638671875,0.070648193359375,0.02803151309490204,0.06534987688064575,0.022773081436753273,77.0834463834836,28.364305096073892
640,6400,3840,train,65536,8991,56545,5094,592,2276,1029,0.1371917724609375,0.077728271484375,0.03597844019532204,0.08801267296075821,0.02770468033850193,77.10644325475707,28.364305096073892
641,6400,4096,train,65536,10613,54923,5540,671,2588,1814,0.1619415283203125,0.08453369140625,0.04414799436926842,0.10749150812625885,0.031907860189676285,77.12944012603053,28.364305096073892
642,6400,4352,train,65536,10573,54963,5456,1169,2097,1851,0.1613311767578125,0.083251953125,0.046331968158483505,0.1059701144695282,0.03485963121056557,77.15243699730398,28.364305096073892
643,6400,4608,train,65536,7528,58008,3361,1947,1227,993,0.1148681640625,0.0512847900390625,0.03899523615837097,0.09077627211809158,0.03227534145116806,77.17543386857744,28.364305096073892
644,6400,4864,train,65536,7003,58533,3480,643,2355,525,0.1068572998046875,0.0531005859375,0.022517535835504532,0.049042291939258575,0.019344061613082886,77.1984307398509,28.364305096073892
645,6400,5120,train,65536,8140,57396,4200,1847,1403,690,0.12420654296875,0.0640869140625,0.02924637496471405,0.07460708916187286,0.022813238203525543,77.22142761112437,28.364305096073892
646,6400,5376,train,65536,8173,57363,5155,828,1723,467,0.1247100830078125,0.0786590576171875,0.021675480529665947,0.05747760087251663,0.016574444249272346,77.24442448239782,28.364305096073892
647,6400,5632,train,65536,7558,57978,4138,712,1440,1268,0.115325927734375,0.063140869140625,0.02962995134294033,0.09080558270215988,0.02165510691702366,77.26742135367128,28.364305096073892
648,6400,5888,train,65536,9472,56064,4287,1311,1022,2852,0.14453125,0.0654144287109375,0.046722445636987686,0.10909802466630936,0.03618410602211952,77.29041822494474,28.364305096073892
649,6400,6144,train,65536,8502,57034,4560,1382,1094,1466,0.129730224609375,0.069580078125,0.03529873862862587,0.09201499074697495,0.02684410661458969,77.31341509621821,28.364305096073892
650,6656,0,train,65536,7537,57999,4174,209,2910,244,0.1150054931640625,0.063690185546875,0.02040913701057434,0.05919351801276207,0.01536908745765686,76.76149018565516,28.341308224800432
651,6656,256,train,65536,7708,57828,4174,163,3274,97,0.11761474609375,0.063690185546875,0.02085769549012184,0.05286270007491112,0.016591692343354225,76.78448705692863,28.341308224800432
652,6656,512,train,65536,9671,55865,5047,25,4583,16,0.1475677490234375,0.0770111083984375,0.018203530460596085,0.05611415579915047,0.011640680953860283,76.80748392820209,28.341308224800432
653,6656,768,train,65536,6782,58754,4029,37,2620,96,0.103485107421875,0.0614776611328125,0.018437281250953674,0.04751899093389511,0.015080365352332592,76.83048079947555,28.341308224800432
654,6656,1024,train,65536,6679,58857,3616,40,2613,410,0.1019134521484375,0.05517578125,0.025842340663075447,0.08455225080251694,0.01918003335595131,76.853477670749,28.341308224800432
655,6656,1280,train,65536,7581,57955,4978,88,2234,281,0.1156768798828125,0.075958251953125,0.021200407296419144,0.05388520285487175,0.016924962401390076,76.87647454202246,28.341308224800432
656,6656,1536,train,65536,9176,56360,4951,13,4182,30,0.1400146484375,0.0755462646484375,0.01961277797818184,0.04609694331884384,0.015300880186259747,76.89947141329593,28.341308224800432
657,6656,1792,train,65536,5866,59670,3050,92,2594,130,0.089508056640625,0.046539306640625,0.028361335396766663,0.07555840164422989,0.023721516132354736,76.92246828456939,28.341308224800432
658,6656,2048,train,65536,7302,58234,3351,882,1869,1200,0.111419677734375,0.0511322021484375,0.03469504415988922,0.08965534716844559,0.027803534641861916,76.94546515584284,28.341308224800432
659,6656,2304,train,65536,7673,57863,4792,185,2471,225,0.1170806884765625,0.0731201171875,0.02891649678349495,0.07528695464134216,0.022767484188079834,76.9684620271163,28.341308224800432
660,6656,2560,train,65536,6320,59216,3212,132,2481,495,0.096435546875,0.04901123046875,0.02751542255282402,0.07853814959526062,0.02206987328827381,76.99145889838977,28.341308224800432
661,6656,2816,train,65536,8160,57376,4673,231,3063,193,0.12451171875,0.0713043212890625,0.02287246100604534,0.05077693983912468,0.01890389248728752,77.01445576966323,28.341308224800432
662,6656,3072,train,65536,4853,60683,2271,224,1257,1101,0.0740509033203125,0.0346527099609375,0.0331600047647953,0.0977400690317154,0.027995342388749123,77.03745264093668,28.341308224800432
663,6656,3328,train,65536,5414,60122,3085,247,1419,663,0.082611083984375,0.0470733642578125,0.023677168413996696,0.07479921728372574,0.019073614850640297,77.06044951221014,28.341308224800432
664,6656,3584,train,65536,9821,55715,5953,250,3435,183,0.1498565673828125,0.0908355712890625,0.02302636206150055,0.05956596881151199,0.016585450619459152,77.0834463834836,28.341308224800432
665,6656,3840,train,65536,6771,58765,3554,775,1979,463,0.1033172607421875,0.054229736328125,0.032091788947582245,0.08504723012447357,0.02599017694592476,77.10644325475707,28.341308224800432
666,6656,4096,train,65536,10218,55318,4778,1771,1697,1972,0.155914306640625,0.072906494140625,0.050706710666418076,0.10702751576900482,0.04030347988009453,77.12944012603053,28.341308224800432
667,6656,4352,train,65536,11300,54236,5128,1849,2420,1903,0.17242431640625,0.0782470703125,0.050910480320453644,0.10140810906887054,0.04038936644792557,77.15243699730398,28.341308224800432
668,6656,4608,train,65536,6523,59013,3030,863,2205,425,0.0995330810546875,0.046234130859375,0.03344862163066864,0.0876879170536995,0.027453280985355377,77.17543386857744,28.341308224800432
669,6656,4864,train,65536,7647,57889,3654,290,3393,310,0.1166839599609375,0.055755615234375,0.02340954728424549,0.05954688787460327,0.018635891377925873,77.1984307398509,28.341308224800432
670,6656,5120,train,65536,8998,56538,4750,280,3606,362,0.137298583984375,0.072479248046875,0.023471560329198837,0.06699930876493454,0.01654413528740406,77.22142761112437,28.341308224800432
671,6656,5376,train,65536,8064,57472,4518,874,2280,392,0.123046875,0.068939208984375,0.018636692315340042,0.05391302704811096,0.013687006197869778,77.24442448239782,28.341308224800432
672,6656,5632,train,65536,8902,56634,5272,801,2167,662,0.135833740234375,0.0804443359375,0.026212066411972046,0.06433030962944031,0.02022046223282814,77.26742135367128,28.341308224800432
673,6656,5888,train,65536,7839,57697,3804,2419,175,1441,0.1196136474609375,0.05804443359375,0.036887116730213165,0.1062849834561348,0.02745838277041912,77.29041822494474,28.341308224800432
674,6656,6144,train,65536,8947,56589,4530,3125,159,1133,0.1365203857421875,0.069122314453125,0.046776555478572845,0.1288876235485077,0.03379439190030098,77.31341509621821,28.341308224800432
675,6912,0,train,57134,5824,51310,2350,71,3251,152,0.1019358000490076,0.041131375363181295,0.019719736650586128,0.06747407466173172,0.014299328438937664,76.76149018565516,28.31831135352697
676,6912,256,train,54249,7628,46621,4030,73,3404,121,0.1406108868366237,0.07428708363287803,0.019504424184560776,0.0485987551510334,0.014744092710316181,76.78448705692863,28.31831135352697
677,6912,512,train,56065,9862,46203,4987,34,4822,19,0.17590296976723446,0.0889503255150272,0.03229082003235817,0.10402499884366989,0.01697920449078083,76.80748392820209,28.31831135352697
678,6912,768,train,60268,8103,52165,4324,17,3720,42,0.13444945908276365,0.07174620030530297,0.016918163746595383,0.051452502608299255,0.011553804390132427,76.83048079947555,28.31831135352697
679,6912,1024,train,60729,6286,54443,2816,20,3414,36,0.10350903192873256,0.0463699385795913,0.013712888583540916,0.051366958767175674,0.009365342557430267,76.853477670749,28.31831135352697
680,6912,1280,train,62129,5783,56346,3645,253,1714,171,0.09308052600234995,0.05866825476025689,0.02547716163098812,0.07401901483535767,0.020495131611824036,76.87647454202246,28.31831135352697
681,6912,1536,train,65312,7799,57513,4918,167,2457,257,0.11941144047035766,0.0753000979911808,0.02121339552104473,0.059439875185489655,0.016029728576540947,76.89947141329593,28.31831135352697
682,6912,1792,train,65536,5746,59790,2889,70,2472,315,0.087677001953125,0.0440826416015625,0.029594415798783302,0.0809694156050682,0.024657120928168297,76.92246828456939,28.31831135352697
683,6912,2048,train,65215,8475,56740,4746,581,1585,1563,0.12995476500805028,0.07277466840450816,0.03254596143960953,0.09167581796646118,0.02371400222182274,76.94546515584284,28.31831135352697
684,6912,2304,train,63773,6568,57205,3508,277,2042,741,0.10299029369795995,0.05500760509933671,0.03506486862897873,0.08695491403341293,0.029107099398970604,76.9684620271163,28.31831135352697
685,6912,2560,train,59130,6356,52774,4927,115,893,421,0.10749196685269745,0.08332487738880433,0.035589538514614105,0.09526371955871582,0.02840249426662922,76.99145889838977,28.31831135352697
686,6912,2816,train,64489,7242,57247,3631,570,2185,856,0.11229822140209958,0.05630417590596846,0.03800779581069946,0.1068345457315445,0.029300900176167488,77.01445576966323,28.31831135352697
687,6912,3072,train,64518,5870,58648,1762,1752,936,1420,0.09098236151151616,0.027310208003967884,0.02693738229572773,0.08077753335237503,0.021548595279455185,77.03745264093668,28.31831135352697
688,6912,3328,train,64005,6434,57571,3168,1140,1565,561,0.10052339660963987,0.049496133114600424,0.023918384686112404,0.07236704975366592,0.018503878265619278,77.06044951221014,28.31831135352697
689,6912,3584,train,51189,5692,45497,2752,336,2384,220,0.1111957647150755,0.053761550333079375,0.02032732591032982,0.07444064319133759,0.013557362370193005,77.0834463834836,28.31831135352697
690,6912,3840,train,54743,4482,50261,1133,1672,1064,613,0.08187348154101895,0.020696710081654274,0.028805358335375786,0.09815331548452377,0.022621287032961845,77.10644325475707,28.31831135352697
691,6912,4096,train,65536,10432,55104,5892,2863,371,1306,0.1591796875,0.08990478515625,0.038304805755615234,0.08802074939012527,0.028892846778035164,77.12944012603053,28.31831135352697
692,6912,4352,train,65536,9979,55557,5365,1818,1178,1618,0.1522674560546875,0.0818634033203125,0.04019438475370407,0.09517646580934525,0.030318647623062134,77.15243699730398,28.31831135352697
693,6912,4608,train,65536,9042,56494,4080,2559,1383,1020,0.137969970703125,0.062255859375,0.034981951117515564,0.08127078413963318,0.027573315426707268,77.17543386857744,28.31831135352697
694,6912,4864,train,65536,9168,56368,4534,2274,1818,542,0.139892578125,0.069183349609375,0.02814554236829281,0.07540071755647659,0.020459702238440514,77.1984307398509,28.31831135352697
695,6912,5120,train,65536,8724,56812,4523,2379,1165,657,0.13311767578125,0.0690155029296875,0.032129257917404175,0.0877261832356453,0.023591846227645874,77.22142761112437,28.31831135352697
696,6912,5376,train,65536,8900,56636,3957,1091,3168,684,0.13580322265625,0.0603790283203125,0.028478272259235382,0.07871659100055695,0.020583633333444595,77.24442448239782,28.31831135352697
697,6912,5632,train,65536,8401,57135,4547,788,2384,682,0.1281890869140625,0.0693817138671875,0.024862995371222496,0.056384723633527756,0.020228112116456032,77.26742135367128,28.31831135352697
698,6912,5888,train,65536,7532,58004,4217,1385,997,933,0.11492919921875,0.0643463134765625,0.028403790667653084,0.08299033343791962,0.02131556160748005,77.29041822494474,28.31831135352697
699,6912,6144,train,65536,9081,56455,4389,2276,611,1805,0.1385650634765625,0.0669708251953125,0.041243232786655426,0.10249380022287369,0.031390849500894547,77.31341509621821,28.31831135352697
700,0,6912,val,65536,10569,54967,5389,2092,1478,1610,0.1612701416015625,0.0822296142578125,0.03633087873458862,0.08424744755029678,0.0271175317466259,77.38240571003858,28.939226877910382
701,0,7168,val,65536,10900,54636,5583,1081,2078,2158,0.16632080078125,0.0851898193359375,0.029029488563537598,0.06760985404253006,0.021332625299692154,77.40540258131205,28.939226877910382
702,0,7424,val,65536,11266,54270,5402,1397,2645,1822,0.171905517578125,0.082427978515625,0.031174037605524063,0.07171643525362015,0.02275777794420719,77.4283994525855,28.939226877910382
703,0,7680,val,65536,10335,55201,5510,419,3015,1391,0.1576995849609375,0.084075927734375,0.029965084046125412,0.06822440773248672,0.022801987826824188,77.45139632385896,28.939226877910382
704,0,7936,val,65536,9616,55920,5345,1233,1642,1396,0.146728515625,0.0815582275390625,0.03320859745144844,0.08921807259321213,0.023577207699418068,77.47439319513242,28.939226877910382
705,256,6912,val,65058,11149,53909,5720,4119,335,975,0.171370162009284,0.08792154692735712,0.038645271211862564,0.08631451427936554,0.02878672443330288,77.38240571003858,28.916230006636923
706,256,7168,val,60489,8594,51895,3370,3652,732,840,0.14207541867116336,0.055712608904098265,0.03571873530745506,0.08181453496217728,0.02808510884642601,77.40540258131205,28.916230006636923
707,256,7424,val,65536,11064,54472,5622,3518,501,1423,0.1688232421875,0.085784912109375,0.039693403989076614,0.0887022390961647,0.029739050194621086,77.4283994525855,28.916230006636923
708,256,7680,val,65536,10746,54790,5966,1919,1584,1277,0.163970947265625,0.091033935546875,0.030852967873215675,0.06660249084234238,0.023841390386223793,77.45139632385896,28.916230006636923
709,256,7936,val,65536,7722,57814,4158,1623,1035,906,0.117828369140625,0.063446044921875,0.03163440153002739,0.08694283664226532,0.02424706146121025,77.47439319513242,28.916230006636923
710,512,6912,val,65536,11076,54460,5803,40,5203,30,0.16900634765625,0.0885467529296875,0.03540751710534096,0.0883001908659935,0.024650271981954575,77.38240571003858,28.893233135363463
711,512,7168,val,65536,9832,55704,5211,406,3759,456,0.1500244140625,0.0795135498046875,0.029821524396538734,0.07331192493438721,0.022145278751850128,77.40540258131205,28.893233135363463
712,512,7424,val,65536,10919,54617,5435,1754,2928,802,0.1666107177734375,0.0829315185546875,0.03904338926076889,0.09263879060745239,0.028328625485301018,77.4283994525855,28.893233135363463
713,512,7680,val,65536,10101,55435,5739,2185,1200,977,0.1541290283203125,0.0875701904296875,0.04165859892964363,0.10182665288448334,0.030695173889398575,77.45139632385896,28.893233135363463
714,512,7936,val,65536,8919,56617,4520,1597,1494,1308,0.1360931396484375,0.0689697265625,0.03036324866116047,0.07196973264217377,0.023808885365724564,77.47439319513242,28.893233135363463
715,768,6912,val,65536,9509,56027,4695,21,4763,30,0.1450958251953125,0.0716400146484375,0.025624006986618042,0.0639621764421463,0.019117185845971107,77.38240571003858,28.870236264090003
716,768,7168,val,65536,10752,54784,5641,36,4919,156,0.1640625,0.0860748291015625,0.029485289007425308,0.07002574950456619,0.02152874507009983,77.40540258131205,28.870236264090003
717,768,7424,val,65536,10235,55301,5024,31,5086,94,0.1561737060546875,0.07666015625,0.029143061488866806,0.08045627176761627,0.019646113738417625,77.4283994525855,28.870236264090003
718,768,7680,val,65536,10599,54937,4880,21,5565,133,0.1617279052734375,0.074462890625,0.026613757014274597,0.06010061874985695,0.02015313319861889,77.45139632385896,28.870236264090003
719,768,7936,val,65536,10163,55373,4985,216,4518,444,0.1550750732421875,0.0760650634765625,0.025512561202049255,0.061892423778772354,0.018835505470633507,77.47439319513242,28.870236264090003
720,1024,6912,val,65536,10566,54970,5157,11,5378,20,0.161224365234375,0.0786895751953125,0.022036757320165634,0.05739634856581688,0.015240154229104519,77.38240571003858,28.847239392816544
721,1024,7168,val,65536,9483,56053,5159,35,4135,154,0.1446990966796875,0.0787200927734375,0.024997949600219727,0.06942249834537506,0.017482241615653038,77.40540258131205,28.847239392816544
722,1024,7424,val,65536,10524,55012,5252,23,5203,46,0.16058349609375,0.08013916015625,0.024786872789263725,0.06323787569999695,0.01743105612695217,77.4283994525855,28.847239392816544
723,1024,7680,val,65536,10097,55439,5066,9,5002,20,0.1540679931640625,0.077301025390625,0.026028800755739212,0.06046163663268089,0.01975761540234089,77.45139632385896,28.847239392816544
724,1024,7936,val,65536,10495,55041,5064,8,5293,130,0.1601409912109375,0.0772705078125,0.03137625753879547,0.07030178606510162,0.02395409159362316,77.47439319513242,28.847239392816544
725,1280,6912,val,65536,8431,57105,4396,71,3611,353,0.1286468505859375,0.06707763671875,0.022003334015607834,0.054905761033296585,0.017145605757832527,77.38240571003858,28.824242521543084
726,1280,7168,val,65536,10340,55196,5440,95,4587,218,0.15777587890625,0.0830078125,0.028969256207346916,0.07219135761260986,0.02087235637009144,77.40540258131205,28.824242521543084
727,1280,7424,val,65536,11193,54343,5688,12,5432,61,0.1707916259765625,0.0867919921875,0.0361313633620739,0.09152970463037491,0.024720991030335426,77.4283994525855,28.824242521543084
728,1280,7680,val,65536,10434,55102,4870,17,5502,45,0.159210205078125,0.074310302734375,0.023306654766201973,0.05497334152460098,0.01731031760573387,77.45139632385896,28.824242521543084
729,1280,7936,val,65536,10496,55040,5443,15,4922,116,0.16015625,0.0830535888671875,0.03183039277791977,0.09796538203954697,0.019218608736991882,77.47439319513242,28.824242521543084
730,1536,6912,val,65536,8894,56642,4193,9,4610,82,0.135711669921875,0.0639801025390625,0.025578297674655914,0.06790853291749954,0.018931549042463303,77.38240571003858,28.801245650269625
731,1536,7168,val,65536,10485,55051,5165,31,5249,40,0.1599884033203125,0.0788116455078125,0.02768639661371708,0.0661018043756485,0.02036980725824833,77.40540258131205,28.801245650269625
732,1536,7424,val,65536,10965,54571,5632,20,5261,52,0.1673126220703125,0.0859375,0.027293611317873,0.07074704021215439,0.018562471494078636,77.4283994525855,28.801245650269625
733,1536,7680,val,65536,10125,55411,5038,13,5020,54,0.1544952392578125,0.076873779296875,0.030679747462272644,0.07644034177064896,0.022318126633763313,77.45139632385896,28.801245650269625
734,1536,7936,val,65536,10251,55285,4897,11,5334,9,0.1564178466796875,0.0747222900390625,0.02833220362663269,0.07433754205703735,0.019801849499344826,77.47439319513242,28.801245650269625
735,1792,6912,val,65536,9002,56534,4759,29,4150,64,0.137359619140625,0.0726165771484375,0.019801631569862366,0.053415246307849884,0.014449282549321651,77.38240571003858,28.778248778996165
736,1792,7168,val,65536,9607,55929,5269,7,4298,33,0.1465911865234375,0.0803985595703125,0.028923602774739265,0.07710257172584534,0.020647836849093437,77.40540258131205,28.778248778996165
737,1792,7424,val,65536,10382,55154,5355,7,4997,23,0.158416748046875,0.0817108154296875,0.02954384684562683,0.075785331428051,0.020839514210820198,77.4283994525855,28.778248778996165
738,1792,7680,val,65536,10408,55128,5398,7,4980,23,0.1588134765625,0.082366943359375,0.024993322789669037,0.06346436589956284,0.01773010939359665,77.45139632385896,28.778248778996165
739,1792,7936,val,65536,10402,55134,4973,17,5388,24,0.158721923828125,0.0758819580078125,0.029748274013400078,0.07306857407093048,0.021575134247541428,77.47439319513242,28.778248778996165
740,2048,6912,val,65536,9636,55900,5343,80,4168,45,0.14703369140625,0.0815277099609375,0.024841751903295517,0.058946527540683746,0.018962794914841652,77.38240571003858,28.755251907722705
741,2048,7168,val,65536,8614,56922,4568,15,3982,49,0.131439208984375,0.0697021484375,0.02639421820640564,0.07229892164468765,0.019447464495897293,77.40540258131205,28.755251907722705
742,2048,7424,val,65536,10281,55255,6140,52,3945,144,0.1568756103515625,0.09368896484375,0.025683119893074036,0.05616520717740059,0.020011480897665024,77.4283994525855,28.755251907722705
743,2048,7680,val,65536,9636,55900,4855,133,4556,92,0.14703369140625,0.0740814208984375,0.028315557166934013,0.06465142220258713,0.022052008658647537,77.45139632385896,28.755251907722705
744,2048,7936,val,65536,9859,55677,5315,42,4430,72,0.1504364013671875,0.0811004638671875,0.023265577852725983,0.05870554968714714,0.016990046948194504,77.47439319513242,28.755251907722705
745,2304,6912,val,65536,9907,55629,5674,48,4064,121,0.1511688232421875,0.086578369140625,0.0259749386459589,0.065486378967762,0.018938323482871056,77.38240571003858,28.732255036449246
746,2304,7168,val,65536,9457,56079,4716,49,4617,75,0.1443023681640625,0.07196044921875,0.02026752382516861,0.05705917626619339,0.014063086360692978,77.40540258131205,28.732255036449246
747,2304,7424,val,65536,10474,55062,6104,39,4266,65,0.159820556640625,0.0931396484375,0.024229951202869415,0.0605868399143219,0.017314070835709572,77.4283994525855,28.732255036449246
748,2304,7680,val,65536,9578,55958,5889,112,3389,188,0.146148681640625,0.0898590087890625,0.024359896779060364,0.06920838356018066,0.016683446243405342,77.45139632385896,28.732255036449246
749,2304,7936,val,65536,9192,56344,5347,316,3308,221,0.1402587890625,0.0815887451171875,0.02445809543132782,0.06551170349121094,0.01776058040559292,77.47439319513242,28.732255036449246
750,2560,6912,val,65536,7830,57706,4140,118,3335,237,0.119476318359375,0.06317138671875,0.029345978051424026,0.07090966403484344,0.02370629273355007,77.38240571003858,28.709258165175786
751,2560,7168,val,65536,9106,56430,5270,238,3396,202,0.138946533203125,0.080413818359375,0.026249820366501808,0.07594464719295502,0.018230661749839783,77.40540258131205,28.709258165175786
752,2560,7424,val,65536,8773,56763,4855,383,2651,884,0.1338653564453125,0.0740814208984375,0.02644815295934677,0.06774886697530746,0.02006492391228676,77.4283994525855,28.709258165175786
753,2560,7680,val,65536,8617,56919,5079,537,2263,738,0.1314849853515625,0.0774993896484375,0.02749328687787056,0.07447921484708786,0.020380061119794846,77.45139632385896,28.709258165175786
754,2560,7936,val,65536,7702,57834,4127,194,3077,304,0.117523193359375,0.0629730224609375,0.028562312945723534,0.07334932684898376,0.022597838193178177,77.47439319513242,28.709258165175786
755,2816,6912,val,65536,8407,57129,4342,908,1640,1517,0.1282806396484375,0.066253662109375,0.03408799320459366,0.08726980537176132,0.02626185491681099,77.38240571003858,28.686261293902326
756,2816,7168,val,65536,8179,57357,4281,930,1950,1018,0.1248016357421875,0.0653228759765625,0.03319655358791351,0.08559348434209824,0.025724848732352257,77.40540258131205,28.686261293902326
757,2816,7424,val,65536,7215,58321,3426,729,1182,1878,0.1100921630859375,0.052276611328125,0.03305806964635849,0.09752251207828522,0.02508305199444294,77.4283994525855,28.686261293902326
758,2816,7680,val,65536,7474,58062,3756,567,2079,1072,0.114044189453125,0.05731201171875,0.033507976680994034,0.09685894846916199,0.02535315789282322,77.45139632385896,28.686261293902326
759,2816,7936,val,65536,8313,57223,3926,623,3072,692,0.1268463134765625,0.059906005859375,0.030467655509710312,0.08452989906072617,0.022613832727074623,77.47439319513242,28.686261293902326
760,3072,6912,val,65536,7835,57701,3562,693,2145,1435,0.1195526123046875,0.054351806640625,0.03612947091460228,0.09121007472276688,0.028650283813476562,77.38240571003858,28.663264422628867
761,3072,7168,val,65536,8271,57265,4535,646,2071,1019,0.1262054443359375,0.0691986083984375,0.03472956642508507,0.09251560270786285,0.026383310556411743,77.40540258131205,28.663264422628867
762,3072,7424,val,65536,8935,56601,3874,1205,1282,2574,0.1363372802734375,0.059112548828125,0.04425342381000519,0.10879936814308167,0.034064240753650665,77.4283994525855,28.663264422628867
763,3072,7680,val,65536,8716,56820,4005,1110,1263,2338,0.13299560546875,0.0611114501953125,0.03722323849797249,0.10671388357877731,0.026563607156276703,77.45139632385896,28.663264422628867
764,3072,7936,val,65536,7902,57634,3863,871,2036,1132,0.120574951171875,0.0589447021484375,0.034443777054548264,0.09931445866823196,0.025549575686454773,77.47439319513242,28.663264422628867
765,3328,6912,val,65536,8878,56658,4094,806,2689,1289,0.135467529296875,0.062469482421875,0.03998762369155884,0.11500142514705658,0.028233373537659645,77.38240571003858,28.640267551355407
766,3328,7168,val,65536,8417,57119,4035,1105,2103,1174,0.1284332275390625,0.0615692138671875,0.04159236699342728,0.11927668750286102,0.030144883319735527,77.40540258131205,28.640267551355407
767,3328,7424,val,65536,8584,56952,4329,793,1578,1884,0.1309814453125,0.0660552978515625,0.04647493362426758,0.13223062455654144,0.03354953974485397,77.4283994525855,28.640267551355407
768,3328,7680,val,65536,9003,56533,5003,894,1641,1465,0.1373748779296875,0.0763397216796875,0.04064008593559265,0.10902034491300583,0.029750386252999306,77.45139632385896,28.640267551355407
769,3328,7936,val,65536,8674,56862,4522,836,2252,1064,0.132354736328125,0.069000244140625,0.0352168045938015,0.08997191488742828,0.026864202693104744,77.47439319513242,28.640267551355407
770,3584,6912,val,65536,8930,56606,4153,1283,1751,1743,0.136260986328125,0.0633697509765625,0.03675254434347153,0.10002640634775162,0.02677064947783947,77.38240571003858,28.617270680081948
771,3584,7168,val,65536,8762,56774,4674,726,1829,1533,0.133697509765625,0.071319580078125,0.04222497344017029,0.09990280866622925,0.033323489129543304,77.40540258131205,28.617270680081948
772,3584,7424,val,65536,8285,57251,4387,592,1997,1309,0.1264190673828125,0.0669403076171875,0.04172319918870926,0.11090519279241562,0.03171161934733391,77.4283994525855,28.617270680081948
773,3584,7680,val,65536,8033,57503,4394,615,2066,958,0.1225738525390625,0.067047119140625,0.03858965262770653,0.09672002494335175,0.030469009652733803,77.45139632385896,28.617270680081948
774,3584,7936,val,65536,8834,56702,5111,627,2351,745,0.134796142578125,0.0779876708984375,0.030594026669859886,0.07924725860357285,0.023013997822999954,77.47439319513242,28.617270680081948
775,3840,6912,val,65536,8933,56603,4053,1938,1271,1671,0.1363067626953125,0.0618438720703125,0.036387618631124496,0.09998666495084763,0.026350513100624084,77.38240571003858,28.594273808808488
776,3840,7168,val,65536,8274,57262,4107,689,2435,1043,0.126251220703125,0.0626678466796875,0.032137300819158554,0.07842462509870529,0.025449072942137718,77.40540258131205,28.594273808808488
777,3840,7424,val,65536,9000,56536,4745,722,2625,908,0.1373291015625,0.0724029541015625,0.02956111542880535,0.08060654997825623,0.021435163915157318,77.4283994525855,28.594273808808488
778,3840,7680,val,65536,9247,56289,4147,1653,1942,1505,0.1410980224609375,0.0632781982421875,0.046332575380802155,0.12663114070892334,0.033141352236270905,77.45139632385896,28.594273808808488
779,3840,7936,val,65536,8171,57365,4537,814,2121,699,0.1246795654296875,0.0692291259765625,0.03372804448008537,0.08815610408782959,0.025975381955504417,77.47439319513242,28.594273808808488
780,4096,6912,val,65536,8716,56820,4171,1048,2240,1257,0.13299560546875,0.0636444091796875,0.03652093932032585,0.09508851915597916,0.027536867186427116,77.38240571003858,28.57127693753503
781,4096,7168,val,65536,8950,56586,4832,781,2445,892,0.136566162109375,0.07373046875,0.03160249441862106,0.07976972311735153,0.023984059691429138,77.40540258131205,28.57127693753503
782,4096,7424,val,65536,9286,56250,5151,614,2865,656,0.141693115234375,0.0785980224609375,0.0297380480915308,0.07053104788064957,0.02300375886261463,77.4283994525855,28.57127693753503
783,4096,7680,val,65536,9049,56487,4094,1552,2196,1207,0.1380767822265625,0.062469482421875,0.04260988160967827,0.11251362413167953,0.03141156956553459,77.45139632385896,28.57127693753503
784,4096,7936,val,65536,7751,57785,4195,673,2330,553,0.1182708740234375,0.0640106201171875,0.03706200793385506,0.07881331443786621,0.0314616933465004,77.47439319513242,28.57127693753503
785,4352,6912,val,65536,8342,57194,4644,767,1601,1330,0.127288818359375,0.07086181640625,0.0343012697994709,0.09984124451875687,0.024741975590586662,77.38240571003858,28.54828006626157
786,4352,7168,val,65536,8188,57348,4544,997,1452,1195,0.12493896484375,0.0693359375,0.03377946838736534,0.08989102393388748,0.025768006220459938,77.40540258131205,28.54828006626157
787,4352,7424,val,65536,8899,56637,4458,438,3477,526,0.1357879638671875,0.068023681640625,0.02952972799539566,0.07370925694704056,0.022588087245821953,77.4283994525855,28.54828006626157
788,4352,7680,val,65536,8463,57073,4753,984,1791,935,0.1291351318359375,0.0725250244140625,0.0342288538813591,0.08801957964897156,0.026252560317516327,77.45139632385896,28.54828006626157
789,4352,7936,val,65536,8426,57110,4898,546,2489,493,0.128570556640625,0.074737548828125,0.026636866852641106,0.06658991426229477,0.020742202177643776,77.47439319513242,28.54828006626157
790,4608,6912,val,65536,9087,56449,4811,709,2244,1323,0.1386566162109375,0.0734100341796875,0.04499628022313118,0.11016938835382462,0.03450489789247513,77.38240571003858,28.52528319498811
791,4608,7168,val,65536,9292,56244,4937,1465,1555,1335,0.14178466796875,0.0753326416015625,0.03863098472356796,0.09957315027713776,0.02856280654668808,77.40540258131205,28.52528319498811
792,4608,7424,val,65536,7947,57589,4047,517,2668,715,0.1212615966796875,0.0617523193359375,0.026193704456090927,0.07202045619487762,0.019869839772582054,77.4283994525855,28.52528319498811
793,4608,7680,val,65536,8667,56869,4637,1194,1708,1128,0.1322479248046875,0.0707550048828125,0.03462611138820648,0.0895930677652359,0.0262489914894104,77.45139632385896,28.52528319498811
794,4608,7936,val,65536,9158,56378,4663,887,2836,772,0.139739990234375,0.0711517333984375,0.035294149070978165,0.09725325554609299,0.02522955648601055,77.47439319513242,28.52528319498811
795,4864,6912,val,65536,9021,56515,4992,724,2423,882,0.1376495361328125,0.076171875,0.03419509157538414,0.08416204899549484,0.02621929720044136,77.38240571003858,28.50228632371465
796,4864,7168,val,65536,8802,56734,4920,585,2240,1057,0.134307861328125,0.0750732421875,0.046292494982481,0.12753666937351227,0.033687859773635864,77.40540258131205,28.50228632371465
797,4864,7424,val,65536,8798,56738,4716,535,3034,513,0.134246826171875,0.07196044921875,0.03293265029788017,0.09231603890657425,0.023724446073174477,77.4283994525855,28.50228632371465
798,4864,7680,val,65536,9603,55933,6405,214,2589,395,0.1465301513671875,0.0977325439453125,0.03302595764398575,0.08509082347154617,0.02408706583082676,77.45139632385896,28.50228632371465
799,4864,7936,val,65536,8599,56937,4441,946,2003,1209,0.1312103271484375,0.0677642822265625,0.03145965188741684,0.07292431592941284,0.025197386741638184,77.47439319513242,28.50228632371465
800,5120,6912,val,65536,10174,55362,6014,63,4023,74,0.155242919921875,0.091766357421875,0.033650919795036316,0.07939215749502182,0.025244945660233498,77.38240571003858,28.47928945244119
801,5120,7168,val,65536,10421,55115,6685,130,3372,234,0.1590118408203125,0.1020050048828125,0.03244616463780403,0.0843479260802269,0.022632714360952377,77.40540258131205,28.47928945244119
802,5120,7424,val,65536,10020,55516,7217,539,1676,588,0.15289306640625,0.1101226806640625,0.03165852651000023,0.07507281750440598,0.02382274530827999,77.4283994525855,28.47928945244119
803,5120,7680,val,65536,9365,56171,6404,305,2344,312,0.1428985595703125,0.09771728515625,0.026010243222117424,0.07454019039869308,0.017919180914759636,77.45139632385896,28.47928945244119
804,5120,7936,val,65536,8452,57084,5041,289,2864,258,0.12896728515625,0.0769195556640625,0.024586979299783707,0.0684596449136734,0.018091080710291862,77.47439319513242,28.47928945244119
805,5376,6912,val,65536,10364,55172,6034,9,4315,6,0.15814208984375,0.092071533203125,0.028176957741379738,0.07215892523527145,0.01991499401628971,77.38240571003858,28.45629258116773
806,5376,7168,val,65536,10773,54763,5947,38,4765,23,0.1643829345703125,0.0907440185546875,0.02553246170282364,0.07002124190330505,0.016780614852905273,77.40540258131205,28.45629258116773
807,5376,7424,val,65536,10620,54916,6668,373,3525,54,0.16204833984375,0.10174560546875,0.03358078747987747,0.08354505151510239,0.023918382823467255,77.4283994525855,28.45629258116773
808,5376,7680,val,65536,8910,56626,5207,849,2412,442,0.135955810546875,0.0794525146484375,0.0374625027179718,0.08426018059253693,0.030098972842097282,77.45139632385896,28.45629258116773
809,5376,7936,val,65536,8589,56947,5042,548,2555,444,0.1310577392578125,0.076934814453125,0.03611277416348457,0.08378389477729797,0.028922803699970245,77.47439319513242,28.45629258116773
810,5632,6912,val,65536,8054,57482,4995,144,2719,196,0.122894287109375,0.0762176513671875,0.01901736669242382,0.05212155357003212,0.014379024505615234,77.38240571003858,28.43329570989427
811,5632,7168,val,65536,9389,56147,5895,86,3297,111,0.1432647705078125,0.0899505615234375,0.026072056964039803,0.0678175836801529,0.019091295078396797,77.40540258131205,28.43329570989427
812,5632,7424,val,65536,10755,54781,7034,83,3550,88,0.1641082763671875,0.107330322265625,0.027929730713367462,0.06559255719184875,0.02053549513220787,77.4283994525855,28.43329570989427
813,5632,7680,val,65536,9097,56439,5645,59,3131,262,0.1388092041015625,0.0861358642578125,0.0300644151866436,0.06821497529745102,0.02391519583761692,77.45139632385896,28.43329570989427
814,5632,7936,val,65536,9794,55742,5144,959,3071,620,0.149444580078125,0.0784912109375,0.029553763568401337,0.07554925978183746,0.021472247317433357,77.47439319513242,28.43329570989427
815,5888,6912,val,65536,9606,55930,5466,132,3865,143,0.146575927734375,0.083404541015625,0.027057528495788574,0.05467027425765991,0.022315029054880142,77.38240571003858,28.41029883862081
816,5888,7168,val,65536,8931,56605,4959,201,3644,127,0.1362762451171875,0.0756683349609375,0.028491942211985588,0.0722043365240097,0.021595105528831482,77.40540258131205,28.41029883862081
817,5888,7424,val,65536,8404,57132,4535,173,3555,141,0.12823486328125,0.0691986083984375,0.0244322307407856,0.06542707234621048,0.018401971086859703,77.4283994525855,28.41029883862081
818,5888,7680,val,65536,7835,57701,3955,10,3846,24,0.1195526123046875,0.0603485107421875,0.020515119656920433,0.05791698768734932,0.015436463989317417,77.45139632385896,28.41029883862081
819,5888,7936,val,65536,10425,55111,5922,13,4461,29,0.1590728759765625,0.090362548828125,0.025683602318167686,0.0655311718583107,0.018145885318517685,77.47439319513242,28.41029883862081
820,6144,6912,val,65536,9981,55555,5889,87,3911,94,0.1522979736328125,0.0898590087890625,0.025317247956991196,0.0638699159026146,0.01839088462293148,77.38240571003858,28.38730196734735
821,6144,7168,val,65536,9669,55867,5558,86,3854,171,0.1475372314453125,0.084808349609375,0.028939832001924515,0.07520736753940582,0.020932229235768318,77.40540258131205,28.38730196734735
822,6144,7424,val,65536,8085,57451,5022,216,2648,199,0.1233673095703125,0.076629638671875,0.02513827569782734,0.05836809426546097,0.02046188898384571,77.4283994525855,28.38730196734735
823,6144,7680,val,65536,8772,56764,4790,28,3864,90,0.13385009765625,0.073089599609375,0.01865452714264393,0.050661925226449966,0.01370827667415142,77.45139632385896,28.38730196734735
824,6144,7936,val,65536,10189,55347,5489,6,4651,43,0.1554718017578125,0.0837554931640625,0.022472281008958817,0.06883864104747772,0.01393655501306057,77.47439319513242,28.38730196734735
825,6400,6912,val,65536,10014,55522,6136,206,3367,305,0.152801513671875,0.0936279296875,0.025704076513648033,0.06037313863635063,0.01945113018155098,77.38240571003858,28.364305096073892
826,6400,7168,val,65536,8804,56732,5180,149,3258,217,0.13433837890625,0.07904052734375,0.025688504800200462,0.07526063919067383,0.017995614558458328,77.40540258131205,28.364305096073892
827,6400,7424,val,65536,8530,57006,4993,46,3379,112,0.130157470703125,0.0761871337890625,0.021016087383031845,0.057412583380937576,0.015569956041872501,77.4283994525855,28.364305096073892
828,6400,7680,val,65536,8104,57432,4251,53,3729,71,0.1236572265625,0.0648651123046875,0.023626934736967087,0.07122427970170975,0.01691066287457943,77.45139632385896,28.364305096073892
829,6400,7936,val,65536,9720,55816,5085,45,4570,20,0.1483154296875,0.0775909423828125,0.020311666652560234,0.06004916876554489,0.01339163538068533,77.47439319513242,28.364305096073892
830,6656,6912,val,65536,7960,57576,4399,115,3340,106,0.1214599609375,0.0671234130859375,0.021134547889232635,0.05814198777079582,0.016018196940422058,77.38240571003858,28.341308224800432
831,6656,7168,val,65536,8010,57526,4397,225,3020,368,0.122222900390625,0.0670928955078125,0.02395179122686386,0.06566722691059113,0.01814327761530876,77.40540258131205,28.341308224800432
832,6656,7424,val,65536,8800,56736,4660,11,4069,60,0.13427734375,0.07110595703125,0.019385766237974167,0.05531725659966469,0.013812636956572533,77.4283994525855,28.341308224800432
833,6656,7680,val,65536,9599,55937,4810,4,4741,44,0.1464691162109375,0.073394775390625,0.02151564508676529,0.05939669534564018,0.015015115030109882,77.45139632385896,28.341308224800432
834,6656,7936,val,65536,9716,55820,5571,19,4081,45,0.14825439453125,0.0850067138671875,0.030890561640262604,0.07321149110794067,0.023524198681116104,77.47439319513242,28.341308224800432
835,6912,6912,val,65536,9043,56493,4420,989,2893,741,0.1379852294921875,0.06744384765625,0.02178708277642727,0.058659691363573074,0.015884775668382645,77.38240571003858,28.31831135352697
836,6912,7168,val,65536,8187,57349,4483,513,2644,547,0.1249237060546875,0.0684051513671875,0.02400047518312931,0.06700962036848068,0.017860596999526024,77.40540258131205,28.31831135352697
837,6912,7424,val,65536,8885,56651,4397,113,4147,228,0.1355743408203125,0.0670928955078125,0.026721784844994545,0.08442980796098709,0.017671003937721252,77.4283994525855,28.31831135352697
838,6912,7680,val,65536,9033,56503,4416,102,4392,123,0.1378326416015625,0.0673828125,0.024785656481981277,0.05746673047542572,0.019561011344194412,77.45139632385896,28.31831135352697
839,6912,7936,val,65536,7910,57626,4353,239,3213,105,0.120697021484375,0.0664215087890625,0.029565978795289993,0.06841524690389633,0.02423335798084736,77.47439319513242,28.31831135352697
840,0,8704,test,65536,10360,55176,5043,954,2045,2318,0.1580810546875,0.0769500732421875,0.02859463170170784,0.07317303121089935,0.020224466919898987,77.5433838089528,28.939226877910382
841,0,8960,test,65536,10264,55272,5268,411,2864,1721,0.1566162109375,0.08038330078125,0.03186417371034622,0.07773414999246597,0.023346124216914177,77.56638068022626,28.939226877910382
842,256,8704,test,65536,9940,55596,5087,1006,1398,2449,0.15167236328125,0.0776214599609375,0.032143060117959976,0.07996918261051178,0.023592233657836914,77.5433838089528,28.916230006636923
843,256,8960,test,65536,10131,55405,5240,1093,1472,2326,0.1545867919921875,0.0799560546875,0.027763772755861282,0.06508509069681168,0.020939437672495842,77.56638068022626,28.916230006636923
844,512,8704,test,65536,9705,55831,4751,635,2555,1764,0.1480865478515625,0.0724945068359375,0.033870287239551544,0.08557791262865067,0.02488205023109913,77.5433838089528,28.893233135363463
845,512,8960,test,65536,10312,55224,5338,646,2261,2067,0.1573486328125,0.081451416015625,0.025921255350112915,0.06494986265897751,0.01863342709839344,77.56638068022626,28.893233135363463
846,768,8704,test,65536,9285,56251,4551,1613,1906,1215,0.1416778564453125,0.0694427490234375,0.03490688279271126,0.08302749693393707,0.026963915675878525,77.5433838089528,28.870236264090003
847,768,8960,test,65536,10174,55362,5281,1897,1465,1531,0.155242919921875,0.0805816650390625,0.030013862997293472,0.06739930063486099,0.023143455386161804,77.56638068022626,28.870236264090003
848,1024,8704,test,65536,10463,55073,5166,60,5131,106,0.1596527099609375,0.078826904296875,0.028513245284557343,0.06869404762983322,0.020879527553915977,77.5433838089528,28.847239392816544
849,1024,8960,test,65536,8809,56727,4450,301,3368,690,0.1344146728515625,0.067901611328125,0.02931659296154976,0.07748936116695404,0.021835962310433388,77.56638068022626,28.847239392816544
850,1280,8704,test,65536,9796,55740,5419,67,4176,134,0.14947509765625,0.0826873779296875,0.03137602284550667,0.08080233633518219,0.022689614444971085,77.5433838089528,28.824242521543084
851,1280,8960,test,65536,8208,57328,4093,542,2132,1441,0.125244140625,0.0624542236328125,0.029991190880537033,0.08217103779315948,0.022520283237099648,77.56638068022626,28.824242521543084
852,1536,8704,test,65536,9799,55737,5075,63,4626,35,0.1495208740234375,0.0774383544921875,0.03448741137981415,0.09031689912080765,0.02467215433716774,77.5433838089528,28.801245650269625
853,1536,8960,test,65536,10242,55294,5051,21,5145,25,0.156280517578125,0.0770721435546875,0.0356660895049572,0.06581499427556992,0.030081667006015778,77.56638068022626,28.801245650269625
854,1792,8704,test,65536,10052,55484,5009,8,5004,31,0.15338134765625,0.0764312744140625,0.029299795627593994,0.06633075326681137,0.022590916603803635,77.5433838089528,28.778248778996165
855,1792,8960,test,65536,10159,55377,4939,21,5158,41,0.1550140380859375,0.0753631591796875,0.027384689077734947,0.06897755712270737,0.019754409790039062,77.56638068022626,28.778248778996165
856,2048,8704,test,65536,10484,55052,4942,7,5524,11,0.15997314453125,0.075408935546875,0.030234824866056442,0.07937759160995483,0.020876165479421616,77.5433838089528,28.755251907722705
857,2048,8960,test,65536,10268,55268,4940,1,5305,22,0.15667724609375,0.07537841796875,0.031307101249694824,0.08243206888437271,0.021808819845318794,77.56638068022626,28.755251907722705
858,2304,8704,test,65536,9853,55683,5079,9,4749,16,0.1503448486328125,0.0774993896484375,0.029473774135112762,0.09162179380655289,0.018476800993084908,77.5433838089528,28.732255036449246
859,2304,8960,test,65536,10229,55307,5321,4,4879,25,0.1560821533203125,0.0811920166015625,0.025875508785247803,0.0659843236207962,0.018457403406500816,77.56638068022626,28.732255036449246
860,2560,8704,test,65536,8580,56956,4451,88,3990,51,0.13092041015625,0.0679168701171875,0.027711419388651848,0.06834391504526138,0.02159043401479721,77.5433838089528,28.709258165175786
861,2560,8960,test,65536,8979,56557,5198,30,3692,59,0.1370086669921875,0.079315185546875,0.02460363693535328,0.0692995935678482,0.017507698386907578,77.56638068022626,28.709258165175786
862,2816,8704,test,65536,8406,57130,5104,162,2746,394,0.128265380859375,0.077880859375,0.02487192675471306,0.06662871688604355,0.01872791349887848,77.5433838089528,28.686261293902326
863,2816,8960,test,65536,9165,56371,5588,228,2819,530,0.1398468017578125,0.08526611328125,0.025290783494710922,0.07290956377983093,0.017548752948641777,77.56638068022626,28.686261293902326
864,3072,8704,test,65536,11474,54062,5945,30,5492,7,0.175079345703125,0.0907135009765625,0.029284849762916565,0.07736870646476746,0.01907963864505291,77.5433838089528,28.663264422628867
865,3072,8960,test,65536,9778,55758,5193,108,4385,92,0.149200439453125,0.0792388916015625,0.029296809807419777,0.06715412437915802,0.022657964378595352,77.56638068022626,28.663264422628867
866,3328,8704,test,65536,9329,56207,4891,90,4300,48,0.1423492431640625,0.0746307373046875,0.02270696312189102,0.06570924818515778,0.015569626353681087,77.5433838089528,28.640267551355407
867,3328,8960,test,65536,8853,56683,4781,144,3899,29,0.1350860595703125,0.0729522705078125,0.03557204082608223,0.0950387641787529,0.026284262537956238,77.56638068022626,28.640267551355407
868,3584,8704,test,65536,8728,56808,3894,29,4793,12,0.1331787109375,0.059417724609375,0.023579075932502747,0.05867667496204376,0.018186669796705246,77.5433838089528,28.617270680081948
869,3584,8960,test,65536,8825,56711,4300,708,3769,48,0.1346588134765625,0.06561279296875,0.025979528203606606,0.07537421584129333,0.018293047323822975,77.56638068022626,28.617270680081948
870,3840,8704,test,65536,9916,55620,5275,122,4485,34,0.15130615234375,0.0804901123046875,0.025099799036979675,0.06320798397064209,0.01830582693219185,77.5433838089528,28.594273808808488
871,3840,8960,test,65536,9226,56310,5002,47,4158,19,0.140777587890625,0.076324462890625,0.025865690782666206,0.06624771654605865,0.01924937590956688,77.56638068022626,28.594273808808488
872,4096,8704,test,65536,8323,57213,5059,419,2344,501,0.1269989013671875,0.0771942138671875,0.02771110273897648,0.07151944190263748,0.02133813127875328,77.5433838089528,28.57127693753503
873,4096,8960,test,65536,9105,56431,4938,110,3914,143,0.1389312744140625,0.075347900390625,0.025619693100452423,0.06964952498674393,0.01851559244096279,77.56638068022626,28.57127693753503
874,4352,8704,test,65536,7823,57713,3939,718,1364,1802,0.1193695068359375,0.0601043701171875,0.03253493458032608,0.08355924487113953,0.02561858668923378,77.5433838089528,28.54828006626157
875,4352,8960,test,65536,8987,56549,5162,139,3375,311,0.1371307373046875,0.078765869140625,0.026934601366519928,0.060639213770627975,0.021578127518296242,77.56638068022626,28.54828006626157
876,4608,8704,test,65536,9066,56470,5755,454,1705,1152,0.138336181640625,0.0878143310546875,0.02494168095290661,0.06333054602146149,0.018778525292873383,77.5433838089528,28.52528319498811
877,4608,8960,test,65536,7971,57565,4615,243,2958,155,0.1216278076171875,0.0704193115234375,0.023573704063892365,0.06919503957033157,0.017256535589694977,77.56638068022626,28.52528319498811
878,4864,8704,test,65536,8332,57204,4500,259,3216,357,0.12713623046875,0.06866455078125,0.02916475012898445,0.07086294144392014,0.023091230541467667,77.5433838089528,28.50228632371465
879,4864,8960,test,65536,9121,56415,5939,437,2406,339,0.1391754150390625,0.0906219482421875,0.02372218668460846,0.0649377852678299,0.01705857738852501,77.56638068022626,28.50228632371465
880,5120,8704,test,65536,7315,58221,3732,644,1926,1013,0.1116180419921875,0.05694580078125,0.031805865466594696,0.08823523670434952,0.0247159693390131,77.5433838089528,28.47928945244119
881,5120,8960,test,65536,8221,57315,3875,374,3033,939,0.1254425048828125,0.0591278076171875,0.0272984579205513,0.07282150536775589,0.020768841728568077,77.56638068022626,28.47928945244119
882,5376,8704,test,65536,7126,58410,3140,1285,1365,1336,0.108734130859375,0.04791259765625,0.03792032226920128,0.1179034486413002,0.028162406757473946,77.5433838089528,28.45629258116773
883,5376,8960,test,65536,7090,58446,3286,586,2428,790,0.108184814453125,0.050140380859375,0.03865606710314751,0.09678082168102264,0.031605035066604614,77.56638068022626,28.45629258116773
884,5632,8704,test,65536,8565,56971,4615,1100,1591,1259,0.1306915283203125,0.0704193115234375,0.03396001085639,0.08260243386030197,0.02664712816476822,77.5433838089528,28.43329570989427
885,5632,8960,test,65536,8261,57275,4316,956,1805,1184,0.1260528564453125,0.06585693359375,0.03255552798509598,0.08210698515176773,0.02540852129459381,77.56638068022626,28.43329570989427
886,5888,8704,test,65536,7781,57755,3961,374,2443,1003,0.1187286376953125,0.0604400634765625,0.03358493000268936,0.0840185284614563,0.026790300384163857,77.5433838089528,28.41029883862081
887,5888,8960,test,65536,8659,56877,5269,267,2848,275,0.1321258544921875,0.0803985595703125,0.028350409120321274,0.08065024763345718,0.02038823813199997,77.56638068022626,28.41029883862081
888,6144,8704,test,65536,8297,57239,4013,733,3351,200,0.1266021728515625,0.0612335205078125,0.02876511588692665,0.06423869729042053,0.023623095825314522,77.5433838089528,28.38730196734735
889,6144,8960,test,65536,7982,57554,4655,192,2619,516,0.121795654296875,0.0710296630859375,0.019330766052007675,0.05523769557476044,0.014350933954119682,77.56638068022626,28.38730196734735
890,6400,8704,test,65536,8088,57448,3862,340,3281,605,0.1234130859375,0.058929443359375,0.03596161678433418,0.08241736143827438,0.02942119538784027,77.5433838089528,28.364305096073892
891,6400,8960,test,65536,9647,55889,5841,42,3703,61,0.1472015380859375,0.0891265869140625,0.021311072632670403,0.052236009389162064,0.01597311906516552,77.56638068022626,28.364305096073892
892,6656,8704,test,65536,8903,56633,4284,200,3978,441,0.1358489990234375,0.06536865234375,0.026951666921377182,0.07203153520822525,0.0198648814111948,77.5433838089528,28.341308224800432
893,6656,8960,test,65536,10015,55521,6476,336,2644,559,0.1528167724609375,0.09881591796875,0.026588181033730507,0.057761047035455704,0.020965149626135826,77.56638068022626,28.341308224800432
894,6912,8704,test,65536,10064,55472,6159,717,2389,799,0.153564453125,0.0939788818359375,0.0290499497205019,0.06582409143447876,0.022378209978342056,77.5433838089528,28.31831135352697
895,6912,8960,test,65536,9325,56211,6074,454,2177,620,0.1422882080078125,0.092681884765625,0.029513858258724213,0.05758776143193245,0.024856597185134888,77.56638068022626,28.31831135352697
896,0,6400,dropped_buffer,65482,11056,54426,6024,3546,348,1138,0.1688402919886381,0.09199474664793378,0.03473370149731636,0.0807267278432846,0.025390759110450745,77.33641196749166,28.939226877910382
897,0,6656,dropped_buffer,65526,10722,54804,5784,2455,758,1725,0.16362970423953851,0.08827030491713213,0.03565113991498947,0.0846261978149414,0.026069529354572296,77.35940883876512,28.939226877910382
898,0,8192,dropped_buffer,65536,7996,57540,4101,1426,983,1486,0.12200927734375,0.0625762939453125,0.0257372185587883,0.0807645246386528,0.018090393394231796,77.49739006640588,28.939226877910382
899,0,8448,dropped_buffer,65536,9016,56520,4672,1113,1282,1949,0.1375732421875,0.0712890625,0.03117428533732891,0.10257409512996674,0.019784677773714066,77.52038693767933,28.939226877910382
900,256,6400,dropped_buffer,58832,8147,50685,3538,2627,1524,458,0.13847905901550175,0.06013734022300789,0.03545362129807472,0.0947360023856163,0.025924691930413246,77.33641196749166,28.916230006636923
901,256,6656,dropped_buffer,52501,6784,45717,2553,3037,374,820,0.12921658635073618,0.04862764518771071,0.0344822034239769,0.09336589276790619,0.025744382292032242,77.35940883876512,28.916230006636923
902,256,8192,dropped_buffer,65536,7826,57710,4382,2571,338,535,0.119415283203125,0.066864013671875,0.026779497042298317,0.07549245655536652,0.020173577591776848,77.49739006640588,28.916230006636923
903,256,8448,dropped_buffer,65536,10250,55286,5172,1370,1333,2375,0.156402587890625,0.07891845703125,0.027410157024860382,0.0721832811832428,0.019109239801764488,77.52038693767933,28.916230006636923
904,512,6400,dropped_buffer,65536,11004,54532,5394,4,5491,115,0.16790771484375,0.082305908203125,0.0284836757928133,0.07142267376184464,0.019819028675556183,77.33641196749166,28.893233135363463
905,512,6656,dropped_buffer,65536,10456,55080,4560,72,5788,36,0.1595458984375,0.069580078125,0.029620906338095665,0.07408586889505386,0.021179988980293274,77.35940883876512,28.893233135363463
906,512,8192,dropped_buffer,65536,9683,55853,4864,2612,780,1427,0.1477508544921875,0.07421875,0.032320164144039154,0.07814925163984299,0.024374961853027344,77.49739006640588,28.893233135363463
907,512,8448,dropped_buffer,65536,9762,55774,4996,1692,1513,1561,0.148956298828125,0.07623291015625,0.033791422843933105,0.09297153353691101,0.023433253169059753,77.52038693767933,28.893233135363463
908,768,6400,dropped_buffer,65536,10624,54912,5565,8,4819,232,0.162109375,0.0849151611328125,0.030396338552236557,0.08487316220998764,0.019856536760926247,77.33641196749166,28.870236264090003
909,768,6656,dropped_buffer,65536,11006,54530,5504,28,5434,40,0.167938232421875,0.083984375,0.030459633097052574,0.07919955998659134,0.020622264593839645,77.35940883876512,28.870236264090003
910,768,8192,dropped_buffer,65536,10104,55432,5055,346,3736,967,0.1541748046875,0.0771331787109375,0.029158610850572586,0.06892212480306625,0.021910620853304863,77.49739006640588,28.870236264090003
911,768,8448,dropped_buffer,65536,8978,56558,3964,791,3328,895,0.136993408203125,0.06048583984375,0.028012514114379883,0.07895202934741974,0.019926391541957855,77.52038693767933,28.870236264090003
912,1024,6400,dropped_buffer,65536,8656,56880,4467,238,3687,264,0.132080078125,0.0681610107421875,0.02244548685848713,0.062461938709020615,0.016355782747268677,77.33641196749166,28.847239392816544
913,1024,6656,dropped_buffer,65536,10176,55360,5176,11,4882,107,0.1552734375,0.0789794921875,0.026757344603538513,0.07062220573425293,0.018694324418902397,77.35940883876512,28.847239392816544
914,1024,8192,dropped_buffer,65536,10353,55183,4644,5,5601,103,0.1579742431640625,0.07086181640625,0.029206672683358192,0.0645638108253479,0.02257324382662773,77.49739006640588,28.847239392816544
915,1024,8448,dropped_buffer,65536,9552,55984,4456,47,4774,275,0.145751953125,0.0679931640625,0.026110373437404633,0.05966486036777496,0.020385298877954483,77.52038693767933,28.847239392816544
916,1280,6400,dropped_buffer,65536,8492,57044,4742,35,3466,249,0.12957763671875,0.072357177734375,0.026475582271814346,0.0646766647696495,0.020788682624697685,77.33641196749166,28.824242521543084
917,1280,6656,dropped_buffer,65536,9841,55695,5210,10,4517,104,0.1501617431640625,0.079498291015625,0.029704242944717407,0.07976558059453964,0.020858680829405785,77.35940883876512,28.824242521543084
918,1280,8192,dropped_buffer,65536,10244,55292,4917,51,5045,231,0.15631103515625,0.0750274658203125,0.023813044652342796,0.05877138674259186,0.017336281016469002,77.49739006640588,28.824242521543084
919,1280,8448,dropped_buffer,65536,9619,55917,5373,33,4021,192,0.1467742919921875,0.0819854736328125,0.026938067749142647,0.06895353645086288,0.019710451364517212,77.52038693767933,28.824242521543084
920,1536,6400,dropped_buffer,65536,8158,57378,4286,16,3830,26,0.124481201171875,0.065399169921875,0.022712931036949158,0.05092225223779678,0.018702130764722824,77.33641196749166,28.801245650269625
921,1536,6656,dropped_buffer,65536,9029,56507,4601,30,4341,57,0.1377716064453125,0.0702056884765625,0.022293178364634514,0.06251920759677887,0.015865640714764595,77.35940883876512,28.801245650269625
922,1536,8192,dropped_buffer,65536,10459,55077,5530,13,4900,16,0.1595916748046875,0.084381103515625,0.027775270864367485,0.06599778681993484,0.020516902208328247,77.49739006640588,28.801245650269625
923,1536,8448,dropped_buffer,65536,9540,55996,5058,54,4353,75,0.14556884765625,0.077178955078125,0.031146857887506485,0.07162484526634216,0.024250652641057968,77.52038693767933,28.801245650269625
924,1792,6400,dropped_buffer,65536,8785,56751,5032,189,3295,269,0.1340484619140625,0.0767822265625,0.024766840040683746,0.06532187759876251,0.018488960340619087,77.33641196749166,28.778248778996165
925,1792,6656,dropped_buffer,65536,9119,56417,4761,35,4289,34,0.1391448974609375,0.0726470947265625,0.022747404873371124,0.06629766523838043,0.015708129853010178,77.35940883876512,28.778248778996165
926,1792,8192,dropped_buffer,65536,7349,58187,4004,172,2876,297,0.1121368408203125,0.06109619140625,0.028818391263484955,0.07398025691509247,0.023114459589123726,77.49739006640588,28.778248778996165
927,1792,8448,dropped_buffer,65536,9309,56227,4804,907,3509,89,0.1420440673828125,0.07330322265625,0.02767154574394226,0.08282938599586487,0.018539557233452797,77.52038693767933,28.778248778996165
928,2048,6400,dropped_buffer,65536,9114,56422,4952,98,3963,101,0.139068603515625,0.0755615234375,0.023835046216845512,0.05902541056275368,0.018150651827454567,77.33641196749166,28.755251907722705
929,2048,6656,dropped_buffer,65536,9058,56478,4590,29,4420,19,0.138214111328125,0.070037841796875,0.03091653622686863,0.05815094709396362,0.026548657566308975,77.35940883876512,28.755251907722705
930,2048,8192,dropped_buffer,65536,7885,57651,4378,162,3125,220,0.1203155517578125,0.066802978515625,0.027169616892933846,0.07259644567966461,0.020956533029675484,77.49739006640588,28.755251907722705
931,2048,8448,dropped_buffer,65536,7691,57845,3811,29,3772,79,0.1173553466796875,0.0581512451171875,0.026780826970934868,0.0737273097038269,0.020538879558444023,77.52038693767933,28.755251907722705
932,2304,6400,dropped_buffer,65536,8491,57045,4429,662,2540,860,0.1295623779296875,0.0675811767578125,0.026154039427638054,0.0657963678240776,0.0202533807605505,77.33641196749166,28.732255036449246
933,2304,6656,dropped_buffer,65536,9285,56251,5048,93,4061,83,0.1416778564453125,0.0770263671875,0.0253446064889431,0.06240252032876015,0.019227689132094383,77.35940883876512,28.732255036449246
934,2304,8192,dropped_buffer,65536,10451,55085,5330,30,5067,24,0.1594696044921875,0.081329345703125,0.027766196057200432,0.07250148802995682,0.019278794527053833,77.49739006640588,28.732255036449246
935,2304,8448,dropped_buffer,65536,9995,55541,5184,15,4767,29,0.1525115966796875,0.0791015625,0.027390284463763237,0.07497818768024445,0.018826501443982124,77.52038693767933,28.732255036449246
936,2560,6400,dropped_buffer,65536,8194,57342,4110,680,2156,1248,0.125030517578125,0.062713623046875,0.033567652106285095,0.09082908183336258,0.025385167449712753,77.33641196749166,28.709258165175786
937,2560,6656,dropped_buffer,65536,7786,57750,3850,605,1716,1615,0.118804931640625,0.058746337890625,0.04645518958568573,0.12837377190589905,0.035410717129707336,77.35940883876512,28.709258165175786
938,2560,8192,dropped_buffer,65536,8782,56754,5027,181,3420,154,0.134002685546875,0.0767059326171875,0.028719404712319374,0.05549125000834465,0.024576785042881966,77.49739006640588,28.709258165175786
939,2560,8448,dropped_buffer,65536,9484,56052,4780,48,4642,14,0.14471435546875,0.07293701171875,0.02452668733894825,0.06585010141134262,0.017534764483571053,77.52038693767933,28.709258165175786
940,2816,6400,dropped_buffer,65536,9380,56156,3692,1475,1272,2941,0.14312744140625,0.05633544921875,0.04690064117312431,0.12640583515167236,0.03362051770091057,77.33641196749166,28.686261293902326
941,2816,6656,dropped_buffer,65536,8782,56754,3902,1313,1133,2434,0.134002685546875,0.059539794921875,0.03739485889673233,0.09574518352746964,0.02836584486067295,77.35940883876512,28.686261293902326
942,2816,8192,dropped_buffer,65536,6913,58623,3890,293,2436,294,0.1054840087890625,0.059356689453125,0.025691282004117966,0.0695217177271843,0.02052266336977482,77.49739006640588,28.686261293902326
943,2816,8448,dropped_buffer,65536,8640,56896,4675,187,3421,357,0.1318359375,0.0713348388671875,0.02086406573653221,0.061950020492076874,0.014624916017055511,77.52038693767933,28.686261293902326
944,3072,6400,dropped_buffer,65536,9758,55778,5346,1421,1093,1898,0.148895263671875,0.081573486328125,0.04497363418340683,0.11303742229938507,0.033066313713788986,77.33641196749166,28.663264422628867
945,3072,6656,dropped_buffer,65536,9018,56518,4004,1564,1224,2226,0.137603759765625,0.06109619140625,0.03865094110369682,0.10736750066280365,0.02768654003739357,77.35940883876512,28.663264422628867
946,3072,8192,dropped_buffer,65536,8495,57041,4688,687,2528,592,0.1296234130859375,0.071533203125,0.0312560498714447,0.07138514518737793,0.025279706344008446,77.49739006640588,28.663264422628867
947,3072,8448,dropped_buffer,65536,10126,55410,5926,118,3887,195,0.154510498046875,0.090423583984375,0.02884724922478199,0.07289103418588638,0.020798390731215477,77.52038693767933,28.663264422628867
948,3328,6400,dropped_buffer,65536,9185,56351,4424,845,1929,1987,0.1401519775390625,0.0675048828125,0.039940252900123596,0.10584073513746262,0.029198726639151573,77.33641196749166,28.640267551355407
949,3328,6656,dropped_buffer,65536,8892,56644,3950,1282,1721,1939,0.13568115234375,0.060272216796875,0.042419567704200745,0.10951538383960724,0.031886834651231766,77.35940883876512,28.640267551355407
950,3328,8192,dropped_buffer,65536,8588,56948,4808,515,2562,703,0.13104248046875,0.0733642578125,0.03019839897751808,0.0764487236738205,0.02322365529835224,77.49739006640588,28.640267551355407
951,3328,8448,dropped_buffer,65536,8517,57019,4937,552,2316,712,0.1299591064453125,0.0753326416015625,0.031725093722343445,0.0830688625574112,0.024055810645222664,77.52038693767933,28.640267551355407
952,3584,6400,dropped_buffer,65536,8783,56753,3973,1048,1365,2397,0.1340179443359375,0.0606231689453125,0.040719371289014816,0.11281059682369232,0.029562653973698616,77.33641196749166,28.617270680081948
953,3584,6656,dropped_buffer,65536,9082,56454,4080,1274,1541,2187,0.138580322265625,0.062255859375,0.043837036937475204,0.1332487314939499,0.029452994465827942,77.35940883876512,28.617270680081948
954,3584,8192,dropped_buffer,65536,8982,56554,5746,493,2150,593,0.137054443359375,0.087677001953125,0.028431273996829987,0.06762691587209702,0.022206155583262444,77.49739006640588,28.617270680081948
955,3584,8448,dropped_buffer,65536,8539,56997,4777,71,3493,198,0.1302947998046875,0.0728912353515625,0.023940958082675934,0.06826122850179672,0.01730111986398697,77.52038693767933,28.617270680081948
956,3840,6400,dropped_buffer,65536,9365,56171,4369,1449,1570,1977,0.1428985595703125,0.0666656494140625,0.04012215882539749,0.09190772473812103,0.03148831054568291,77.33641196749166,28.594273808808488
957,3840,6656,dropped_buffer,65536,8351,57185,4013,1334,1424,1580,0.1274261474609375,0.0612335205078125,0.039059340953826904,0.10884032398462296,0.028868887573480606,77.35940883876512,28.594273808808488
958,3840,8192,dropped_buffer,65536,8386,57150,5141,186,2735,324,0.127960205078125,0.0784454345703125,0.030039038509130478,0.08166303485631943,0.022463908419013023,77.49739006640588,28.594273808808488
959,3840,8448,dropped_buffer,65536,7520,58016,4414,138,2724,244,0.11474609375,0.067352294921875,0.025866247713565826,0.07474451512098312,0.01953067258000374,77.52038693767933,28.594273808808488
960,4096,6400,dropped_buffer,65536,8481,57055,4509,756,1438,1778,0.1294097900390625,0.0688018798828125,0.0389629527926445,0.10243836790323257,0.029527587816119194,77.33641196749166,28.57127693753503
961,4096,6656,dropped_buffer,65536,9239,56297,4110,1347,1440,2342,0.1409759521484375,0.062713623046875,0.048248469829559326,0.12551669776439667,0.03556784987449646,77.35940883876512,28.57127693753503
962,4096,8192,dropped_buffer,65536,9186,56350,5429,414,2879,464,0.140167236328125,0.0828399658203125,0.027384188026189804,0.07195203751325607,0.020118877291679382,77.49739006640588,28.57127693753503
963,4096,8448,dropped_buffer,65536,9013,56523,5661,185,2919,248,0.1375274658203125,0.0863800048828125,0.022551584988832474,0.05832858383655548,0.016846682876348495,77.52038693767933,28.57127693753503
964,4352,6400,dropped_buffer,65536,9666,55870,4879,1398,1674,1715,0.147491455078125,0.0744476318359375,0.037936702370643616,0.09907203167676926,0.027359753847122192,77.33641196749166,28.54828006626157
965,4352,6656,dropped_buffer,65536,9693,55843,5196,899,2481,1117,0.1479034423828125,0.07928466796875,0.039993368089199066,0.09520222991704941,0.030410438776016235,77.35940883876512,28.54828006626157
966,4352,8192,dropped_buffer,65536,8983,56553,5151,214,3306,312,0.1370697021484375,0.0785980224609375,0.026055943220853806,0.07302312552928925,0.018595576286315918,77.49739006640588,28.54828006626157
967,4352,8448,dropped_buffer,65536,9697,55839,5802,177,3419,299,0.1479644775390625,0.088531494140625,0.023435432463884354,0.06003587692975998,0.017079399898648262,77.52038693767933,28.54828006626157
968,4608,6400,dropped_buffer,65536,9239,56297,5257,640,2974,368,0.1409759521484375,0.0802154541015625,0.04075191915035248,0.09056822955608368,0.03257647529244423,77.33641196749166,28.52528319498811
969,4608,6656,dropped_buffer,65536,9340,56196,5155,1063,2203,919,0.14251708984375,0.0786590576171875,0.04152662679553032,0.09328924119472504,0.03292347118258476,77.35940883876512,28.52528319498811
970,4608,8192,dropped_buffer,65536,8675,56861,4779,720,2590,586,0.1323699951171875,0.0729217529296875,0.04121240973472595,0.07623782753944397,0.03586875647306442,77.49739006640588,28.52528319498811
971,4608,8448,dropped_buffer,65536,7719,57817,4068,1304,1686,661,0.1177825927734375,0.06207275390625,0.045518115162849426,0.09823554009199142,0.03847994655370712,77.52038693767933,28.52528319498811
972,4864,6400,dropped_buffer,65536,7971,57565,4126,603,2035,1207,0.1216278076171875,0.062957763671875,0.04059396684169769,0.11222748458385468,0.030674906447529793,77.33641196749166,28.50228632371465
973,4864,6656,dropped_buffer,65536,9303,56233,5219,393,3490,201,0.1419525146484375,0.0796356201171875,0.03500520810484886,0.09698609262704849,0.024751296266913414,77.35940883876512,28.50228632371465
974,4864,8192,dropped_buffer,65536,9578,55958,5001,758,2364,1455,0.146148681640625,0.0763092041015625,0.041887879371643066,0.10918769985437393,0.030368568375706673,77.49739006640588,28.50228632371465
975,4864,8448,dropped_buffer,65536,7927,57609,4176,894,1983,874,0.1209564208984375,0.063720703125,0.0333920381963253,0.09162287414073944,0.025379473343491554,77.52038693767933,28.50228632371465
976,5120,6400,dropped_buffer,65536,8842,56694,3916,1175,2155,1596,0.134918212890625,0.05975341796875,0.03896770253777504,0.10167305916547775,0.02918817661702633,77.33641196749166,28.47928945244119
977,5120,6656,dropped_buffer,65536,10865,54671,6304,217,4256,88,0.1657867431640625,0.09619140625,0.04629070311784744,0.1142890602350235,0.0327770933508873,77.35940883876512,28.47928945244119
978,5120,8192,dropped_buffer,65536,9309,56227,4899,902,2527,981,0.1420440673828125,0.0747528076171875,0.03783215582370758,0.10359759628772736,0.026943961158394814,77.49739006640588,28.47928945244119
979,5120,8448,dropped_buffer,65536,9589,55947,4563,1263,1735,2028,0.1463165283203125,0.0696258544921875,0.042734064161777496,0.11247384548187256,0.030781056731939316,77.52038693767933,28.47928945244119
980,5376,6400,dropped_buffer,65536,9493,56043,5124,941,2746,682,0.1448516845703125,0.07818603515625,0.038298942148685455,0.09941130131483078,0.02794725075364113,77.33641196749166,28.45629258116773
981,5376,6656,dropped_buffer,65536,9740,55796,5034,508,3971,227,0.14862060546875,0.076812744140625,0.03258757293224335,0.09331291913986206,0.021987084299325943,77.35940883876512,28.45629258116773
982,5376,8192,dropped_buffer,65536,7370,58166,3831,942,1385,1212,0.112457275390625,0.0584564208984375,0.03198996186256409,0.08117274940013885,0.02575819008052349,77.49739006640588,28.45629258116773
983,5376,8448,dropped_buffer,65536,9389,56147,4570,1263,2037,1519,0.1432647705078125,0.069732666015625,0.040827445685863495,0.10758627206087112,0.029663920402526855,77.52038693767933,28.45629258116773
984,5632,6400,dropped_buffer,65536,8614,56922,4361,440,3261,552,0.131439208984375,0.0665435791015625,0.03396299108862877,0.08701542019844055,0.025934571400284767,77.33641196749166,28.43329570989427
985,5632,6656,dropped_buffer,65536,9401,56135,4845,354,3902,300,0.1434478759765625,0.0739288330078125,0.03448372706770897,0.07347390800714493,0.027953989803791046,77.35940883876512,28.43329570989427
986,5632,8192,dropped_buffer,65536,8915,56621,5000,773,2441,701,0.1360321044921875,0.0762939453125,0.03487558662891388,0.10989926755428314,0.02306307852268219,77.49739006640588,28.43329570989427
987,5632,8448,dropped_buffer,65536,8863,56673,3809,818,3307,929,0.1352386474609375,0.0581207275390625,0.04383208975195885,0.12623585760593414,0.030945101752877235,77.52038693767933,28.43329570989427
988,5888,6400,dropped_buffer,65536,8547,56989,4111,992,2137,1307,0.1304168701171875,0.0627288818359375,0.03692731633782387,0.09700646996498108,0.027916867285966873,77.33641196749166,28.41029883862081
989,5888,6656,dropped_buffer,65536,8371,57165,4224,916,2303,928,0.1277313232421875,0.064453125,0.038012418895959854,0.10240725427865982,0.028582708910107613,77.35940883876512,28.41029883862081
990,5888,8192,dropped_buffer,65536,8322,57214,4709,84,3402,127,0.126983642578125,0.0718536376953125,0.03261673077940941,0.06838913261890411,0.027413496747612953,77.49739006640588,28.41029883862081
991,5888,8448,dropped_buffer,65536,8376,57160,4289,351,3203,533,0.1278076171875,0.0654449462890625,0.029878763481974602,0.08707484602928162,0.02149747684597969,77.52038693767933,28.41029883862081
992,6144,6400,dropped_buffer,65536,8272,57264,3905,871,2424,1072,0.126220703125,0.0595855712890625,0.03360745310783386,0.09146276116371155,0.025250034406781197,77.33641196749166,28.38730196734735
993,6144,6656,dropped_buffer,65536,9753,55783,5529,564,2635,1025,0.1488189697265625,0.0843658447265625,0.03467757627367973,0.09082873910665512,0.0248602032661438,77.35940883876512,28.38730196734735
994,6144,8192,dropped_buffer,65536,10447,55089,6101,136,4170,40,0.1594085693359375,0.0930938720703125,0.027099376544356346,0.06688690930604935,0.019554121419787407,77.49739006640588,28.38730196734735
995,6144,8448,dropped_buffer,65536,8349,57187,4419,878,2680,372,0.1273956298828125,0.0674285888671875,0.027940278872847557,0.0758209228515625,0.020949959754943848,77.52038693767933,28.38730196734735
996,6400,6400,dropped_buffer,65536,8043,57493,3755,1410,1470,1408,0.1227264404296875,0.0572967529296875,0.038364313542842865,0.10403542965650558,0.029177231714129448,77.33641196749166,28.364305096073892
997,6400,6656,dropped_buffer,65536,8961,56575,4888,489,2796,788,0.1367340087890625,0.0745849609375,0.033274754881858826,0.08735595643520355,0.02470875158905983,77.35940883876512,28.364305096073892
998,6400,8192,dropped_buffer,65536,8841,56695,5601,174,3010,56,0.1349029541015625,0.0854644775390625,0.02776198834180832,0.07366789132356644,0.02060343697667122,77.49739006640588,28.364305096073892
999,6400,8448,dropped_buffer,65536,6872,58664,3424,481,2498,469,0.1048583984375,0.05224609375,0.02604496479034424,0.08257653564214706,0.019422762095928192,77.52038693767933,28.364305096073892
1000,6656,6400,dropped_buffer,65536,9186,56350,3775,3027,422,1962,0.140167236328125,0.0576019287109375,0.044240374118089676,0.10959566384553909,0.03358636051416397,77.33641196749166,28.341308224800432
1001,6656,6656,dropped_buffer,65536,8724,56812,4396,910,2730,688,0.13311767578125,0.06707763671875,0.03338639438152313,0.08916197717189789,0.02482154779136181,77.35940883876512,28.341308224800432
1002,6656,8192,dropped_buffer,65536,8415,57121,3994,661,3661,99,0.1284027099609375,0.060943603515625,0.0185973159968853,0.05737486109137535,0.01288465317338705,77.49739006640588,28.341308224800432
1003,6656,8448,dropped_buffer,65536,7661,57875,3581,315,3154,611,0.1168975830078125,0.0546417236328125,0.03267355263233185,0.08990251272916794,0.02509807050228119,77.52038693767933,28.341308224800432
1004,6912,6400,dropped_buffer,65536,9305,56231,4319,2875,629,1482,0.1419830322265625,0.0659027099609375,0.04394897073507309,0.12023263424634933,0.03132569044828415,77.33641196749166,28.31831135352697
1005,6912,6656,dropped_buffer,65536,9062,56474,4360,2858,296,1548,0.138275146484375,0.0665283203125,0.04168747365474701,0.10398884862661362,0.03169039636850357,77.35940883876512,28.31831135352697
1006,6912,8192,dropped_buffer,65536,7908,57628,4309,575,2294,730,0.12066650390625,0.0657501220703125,0.024248674511909485,0.06414361298084259,0.01877409592270851,77.49739006640588,28.31831135352697
1007,6912,8448,dropped_buffer,65536,8612,56924,4803,72,3421,316,0.13140869140625,0.0732879638671875,0.019849836826324463,0.055202558636665344,0.014501344412565231,77.52038693767933,28.31831135352697
